Time (UTCG),Azimuth (deg),Elevation (deg),Range (km)
03 Mar 2024 18:39:00.000,95.887,23.003,1201.833071
03 Mar 2024 16:59:00.000,58.939,12.250,1694.868004
19 Mar 2024 06:07:00.000,68.338,7.979,1986.834169
05 Mar 2024 11:43:00.000,212.127,13.263,1629.887832
20 Mar 2024 11:03:00.000,3.182,39.995,827.283939
13 Mar 2024 13:03:00.000,328.105,18.167,1392.557423
28 Mar 2024 10:41:00.000,199.745,7.818,1989.547522
16 Mar 2024 14:37:00.000,227.400,34.248,918.850815
24 Mar 2024 07:32:00.000,39.999,16.051,1489.524777
28 Mar 2024 10:39:00.000,225.750,10.236,1817.640204
11 Mar 2024 13:13:00.000,42.452,16.281,1478.653683
23 Mar 2024 07:28:00.000,298.851,7.808,1999.995416
27 Mar 2024 05:40:00.000,355.491,23.558,1187.517535
23 Mar 2024 04:14:00.000,75.208,12.228,1694.926602
16 Mar 2024 13:01:00.000,99.706,7.760,1999.987082
21 Mar 2024 07:41:00.000,41.122,13.815,1606.669016
12 Mar 2024 11:29:00.000,41.229,13.739,1611.513299
20 Mar 2024 05:55:00.000,233.332,7.695,1999.986643
17 Mar 2024 07:52:00.000,49.782,24.512,1157.592196
31 Mar 2024 00:21:00.000,201.794,7.625,1999.983548
14 Mar 2024 13:04:00.000,57.397,22.362,1227.732450
09 Mar 2024 09:51:00.000,204.360,12.987,1645.114942
02 Mar 2024 15:17:00.000,337.924,30.498,999.064563
31 Mar 2024 03:43:00.000,292.543,7.769,1999.993892
04 Mar 2024 18:36:00.000,111.675,25.204,1131.928077
29 Mar 2024 02:13:00.000,74.006,40.858,812.133805
08 Mar 2024 13:23:00.000,51.252,7.834,1999.990562
22 Mar 2024 07:35:00.000,352.795,24.357,1162.938008
02 Mar 2024 13:34:00.000,228.063,35.867,889.928794
17 Mar 2024 12:49:00.000,303.349,7.835,1999.971952
26 Mar 2024 07:21:00.000,316.539,12.438,1685.174051
10 Mar 2024 16:35:00.000,255.445,55.031,669.340853
19 Mar 2024 07:47:00.000,47.822,11.950,1715.769982
18 Mar 2024 11:12:00.000,66.986,14.525,1566.669318
09 Mar 2024 11:37:00.000,42.798,21.478,1260.024926
09 Mar 2024 15:02:00.000,77.605,7.787,1999.982904
06 Mar 2024 10:03:00.000,146.341,9.294,1882.452485
02 Mar 2024 17:01:00.000,42.753,16.231,1479.519138
15 Mar 2024 07:51:00.000,227.986,7.703,1999.985322
17 Mar 2024 12:58:00.000,109.258,8.902,1913.531692
23 Mar 2024 10:54:00.000,278.259,61.673,628.638012
08 Mar 2024 16:46:00.000,109.712,8.947,1908.504750
05 Mar 2024 15:09:00.000,358.858,22.915,1209.802608
12 Mar 2024 16:34:00.000,156.418,7.666,1999.983161
22 Mar 2024 04:09:00.000,202.632,7.650,1999.983520
08 Mar 2024 10:01:00.000,82.395,7.798,1999.993421
12 Mar 2024 09:44:00.000,251.972,35.807,891.647419
22 Mar 2024 05:53:00.000,300.075,50.782,703.621697
16 Mar 2024 12:52:00.000,306.207,7.838,1999.983724
27 Mar 2024 03:54:00.000,259.079,7.717,1999.982104
30 Mar 2024 00:26:00.000,177.413,11.486,1730.390048
07 Mar 2024 13:20:00.000,300.675,18.584,1373.222091
17 Mar 2024 11:16:00.000,69.771,7.815,1999.990996
06 Mar 2024 15:08:00.000,40.551,16.014,1491.138845
29 Mar 2024 02:07:00.000,232.673,7.665,1999.986262
05 Mar 2024 16:54:00.000,78.908,10.150,1827.753785
15 Mar 2024 06:17:00.000,118.298,8.681,1928.236580
14 Mar 2024 09:38:00.000,291.582,30.501,998.346791
21 Mar 2024 09:20:00.000,7.755,24.143,1170.115223
07 Mar 2024 18:29:00.000,153.164,10.541,1793.676291
20 Mar 2024 12:46:00.000,166.937,29.542,1017.445494
21 Mar 2024 11:01:00.000,50.092,51.472,698.604362
12 Mar 2024 16:30:00.000,196.607,25.887,1111.479826
30 Mar 2024 07:10:00.000,314.059,21.345,1263.137036
27 Mar 2024 07:25:00.000,76.783,7.794,1999.999241
10 Mar 2024 18:14:00.000,248.983,7.725,1999.990788
17 Mar 2024 07:54:00.000,56.874,7.831,1999.990154
26 Mar 2024 09:09:00.000,108.674,8.877,1915.494265
17 Mar 2024 09:30:00.000,326.594,22.938,1209.025649
14 Mar 2024 07:55:00.000,211.598,13.151,1635.322225
02 Mar 2024 16:58:00.000,343.767,21.363,1263.622900
14 Mar 2024 13:03:00.000,36.486,28.763,1040.394802
02 Mar 2024 20:16:00.000,288.752,7.779,1999.985726
15 Mar 2024 13:01:00.000,64.537,26.781,1091.114345
06 Mar 2024 18:33:00.000,137.954,7.925,1980.365149
25 Mar 2024 10:48:00.000,228.035,34.935,906.310742
03 Mar 2024 15:14:00.000,346.313,26.628,1096.222527
15 Mar 2024 07:58:00.000,72.437,23.886,1176.340692
16 Mar 2024 09:37:00.000,48.438,9.480,1879.324785
17 Mar 2024 11:10:00.000,328.285,17.767,1410.203571
14 Mar 2024 08:03:00.000,71.138,7.813,1999.989895
07 Mar 2024 11:37:00.000,239.737,13.643,1610.408888
25 Mar 2024 04:09:00.000,60.889,7.802,1999.975536
17 Mar 2024 14:32:00.000,257.667,17.346,1424.477270
01 Mar 2024 18:47:00.000,86.334,7.747,1999.989767
07 Mar 2024 15:04:00.000,28.013,21.289,1266.642296
03 Mar 2024 18:37:00.000,51.146,52.773,686.561666
11 Mar 2024 14:55:00.000,90.803,12.773,1661.721887
17 Mar 2024 14:31:00.000,269.722,12.325,1689.262859
21 Mar 2024 07:35:00.000,293.364,12.558,1676.552085
18 Mar 2024 11:11:00.000,54.329,20.607,1291.877540
13 Mar 2024 08:03:00.000,118.438,25.790,1116.494704
04 Mar 2024 11:51:00.000,118.639,26.242,1103.883123
11 Mar 2024 09:45:00.000,231.126,21.955,1238.230445
21 Mar 2024 05:57:00.000,23.171,70.640,590.042023
15 Mar 2024 14:36:00.000,292.143,7.817,1999.982695
23 Mar 2024 04:12:00.000,95.462,28.386,1046.248708
25 Mar 2024 02:23:00.000,154.617,13.627,1605.486581
09 Mar 2024 16:43:00.000,120.646,9.192,1889.736578
16 Mar 2024 11:11:00.000,306.864,7.838,1999.988569
11 Mar 2024 16:37:00.000,143.590,7.676,1999.992408
10 Mar 2024 09:56:00.000,67.974,7.821,1999.970656
11 Mar 2024 13:12:00.000,26.040,20.748,1287.466299
19 Mar 2024 07:40:00.000,274.556,13.159,1639.773162
26 Mar 2024 03:59:00.000,254.515,21.845,1240.816919
09 Mar 2024 09:50:00.000,210.174,7.695,1999.990210
03 Mar 2024 11:49:00.000,189.349,7.686,1999.986195
08 Mar 2024 14:56:00.000,308.776,7.837,1999.977463
03 Mar 2024 20:22:00.000,156.936,7.641,1999.991340
09 Mar 2024 16:39:00.000,119.818,74.347,578.766811
26 Mar 2024 09:02:00.000,309.931,21.765,1248.560722
17 Mar 2024 12:53:00.000,341.893,55.430,667.867890
05 Mar 2024 16:46:00.000,309.191,7.828,1999.991568
27 Mar 2024 05:38:00.000,316.285,17.263,1430.434222
17 Mar 2024 06:08:00.000,158.042,21.338,1258.231024
13 Mar 2024 14:50:00.000,114.841,9.135,1895.352502
01 Mar 2024 20:19:00.000,294.557,7.787,1999.991107
14 Mar 2024 09:43:00.000,48.462,12.835,1662.911528
08 Mar 2024 18:21:00.000,239.498,21.522,1252.443186
16 Mar 2024 06:11:00.000,155.718,13.861,1594.688242
20 Mar 2024 05:58:00.000,225.898,35.634,892.948051
24 Mar 2024 02:29:00.000,113.029,7.705,1999.997227
29 Mar 2024 08:53:00.000,278.197,20.852,1280.128047
25 Mar 2024 09:07:00.000,330.405,31.783,970.801778
23 Mar 2024 05:49:00.000,276.391,20.516,1291.927697
23 Mar 2024 12:34:00.000,235.258,12.368,1683.387460
24 Mar 2024 04:06:00.000,212.360,34.473,912.829236
21 Mar 2024 12:42:00.000,196.832,26.528,1094.400196
02 Mar 2024 18:40:00.000,42.770,40.136,823.407780
29 Mar 2024 03:49:00.000,283.909,12.807,1658.796071
11 Mar 2024 13:07:00.000,305.513,7.838,1999.984682
30 Mar 2024 08:49:00.000,282.737,7.784,1999.989061
11 Mar 2024 16:28:00.000,288.989,7.804,1999.982126
03 Mar 2024 18:32:00.000,304.704,7.812,1999.992193
24 Mar 2024 02:27:00.000,143.256,8.992,1900.607618
16 Mar 2024 09:35:00.000,27.394,20.904,1281.678805
16 Mar 2024 14:40:00.000,160.271,16.810,1445.343948
12 Mar 2024 14:52:00.000,101.096,14.500,1564.107552
29 Mar 2024 03:53:00.000,5.064,29.410,1023.087626
14 Mar 2024 09:39:00.000,320.132,40.560,818.992184
21 Mar 2024 09:19:00.000,345.546,22.165,1235.826233
27 Mar 2024 07:21:00.000,8.759,28.104,1056.605201
25 Mar 2024 05:49:00.000,50.663,7.824,1999.997418
30 Mar 2024 03:47:00.000,304.170,18.208,1386.633723
27 Mar 2024 09:04:00.000,118.469,25.416,1127.087886
19 Mar 2024 05:59:00.000,218.436,13.361,1622.651331
08 Mar 2024 18:19:00.000,269.147,12.292,1689.711630
25 Mar 2024 09:10:00.000,74.727,32.045,964.273051
11 Mar 2024 14:53:00.000,69.672,29.542,1020.022178
17 Mar 2024 12:56:00.000,102.322,24.226,1164.028573
24 Mar 2024 10:53:00.000,157.857,34.485,914.150332
13 Mar 2024 09:41:00.000,273.633,33.490,934.952555
24 Mar 2024 05:47:00.000,304.846,27.421,1072.898938
28 Mar 2024 09:01:00.000,136.899,24.146,1164.712643
20 Mar 2024 11:02:00.000,334.744,30.308,1003.869191
19 Mar 2024 12:51:00.000,133.814,14.913,1540.457588
17 Mar 2024 12:51:00.000,309.481,21.848,1246.313775
08 Mar 2024 18:23:00.000,196.683,20.538,1286.906741
14 Mar 2024 08:00:00.000,95.133,28.961,1033.452765
01 Mar 2024 17:01:00.000,1.274,22.654,1217.934627
24 Mar 2024 09:10:00.000,338.355,28.544,1045.823968
03 Mar 2024 15:16:00.000,29.084,19.250,1345.765696
13 Mar 2024 11:23:00.000,352.838,24.279,1166.188320
11 Mar 2024 09:44:00.000,232.902,13.528,1615.955859
11 Mar 2024 16:29:00.000,284.436,13.344,1630.370245
04 Mar 2024 11:54:00.000,77.982,7.801,1999.976229
10 Mar 2024 11:34:00.000,26.227,26.829,1091.206663
31 Mar 2024 02:03:00.000,261.593,21.489,1253.099615
03 Mar 2024 15:18:00.000,50.821,7.823,1999.990206
24 Mar 2024 09:14:00.000,77.801,18.206,1387.987731
19 Mar 2024 09:25:00.000,0.979,22.699,1217.586051
29 Mar 2024 05:38:00.000,60.218,7.807,1999.986549
24 Mar 2024 09:15:00.000,89.797,7.780,1999.989552
18 Mar 2024 06:03:00.000,203.708,12.897,1648.596504
22 Mar 2024 12:39:00.000,214.237,19.262,1339.445342
23 Mar 2024 04:13:00.000,82.372,19.145,1346.477608
09 Mar 2024 16:42:00.000,120.515,15.683,1500.797297
01 Mar 2024 16:58:00.000,310.313,12.203,1699.257903
16 Mar 2024 12:55:00.000,329.835,31.963,967.434659
17 Mar 2024 07:50:00.000,5.803,61.464,630.025647
13 Mar 2024 13:02:00.000,316.746,12.610,1676.499411
29 Mar 2024 02:16:00.000,63.290,7.783,1999.990240
26 Mar 2024 02:24:00.000,88.581,10.660,1791.675546
30 Mar 2024 08:53:00.000,223.198,29.416,1020.429164
04 Mar 2024 18:31:00.000,304.464,22.066,1236.709142
12 Mar 2024 16:27:00.000,263.963,18.636,1367.744960
06 Mar 2024 15:04:00.000,324.782,17.055,1442.019728
28 Mar 2024 04:00:00.000,52.019,7.809,1999.969441
11 Mar 2024 11:26:00.000,284.967,12.849,1659.937682
24 Mar 2024 04:03:00.000,227.379,7.672,1999.995344
23 Mar 2024 10:58:00.000,126.459,15.558,1508.224893
26 Mar 2024 04:00:00.000,261.666,35.113,902.259697
28 Mar 2024 02:11:00.000,217.625,13.286,1624.731398
30 Mar 2024 02:05:00.000,244.468,13.547,1611.923176
08 Mar 2024 11:39:00.000,39.794,39.002,841.678568
22 Mar 2024 12:42:00.000,172.066,8.626,1928.777496
30 Mar 2024 03:46:00.000,292.909,12.572,1673.429422
28 Mar 2024 02:19:00.000,68.581,7.777,1999.980989
26 Mar 2024 03:57:00.000,249.052,7.702,1999.976851
10 Mar 2024 11:32:00.000,326.822,36.512,881.509445
27 Mar 2024 04:03:00.000,54.105,7.808,1999.987018
28 Mar 2024 03:52:00.000,273.904,13.108,1640.387868
04 Mar 2024 11:46:00.000,203.848,7.694,1999.983497
28 Mar 2024 10:37:00.000,251.584,7.744,1999.989414
22 Mar 2024 05:58:00.000,54.976,8.649,1937.672556
22 Mar 2024 05:54:00.000,0.971,53.375,682.541009
26 Mar 2024 05:43:00.000,12.208,23.444,1191.363901
05 Mar 2024 18:33:00.000,130.037,24.963,1138.316951
07 Mar 2024 11:44:00.000,60.192,15.844,1499.322331
18 Mar 2024 07:47:00.000,359.495,45.950,752.149855
25 Mar 2024 05:49:00.000,48.451,9.472,1878.470758
23 Mar 2024 09:17:00.000,70.021,15.593,1510.867636
26 Mar 2024 02:19:00.000,174.424,16.864,1439.966847
08 Mar 2024 13:18:00.000,326.923,22.862,1211.707219
04 Mar 2024 18:30:00.000,302.531,13.642,1614.023141
28 Mar 2024 07:14:00.000,308.903,7.815,1999.982712
17 Mar 2024 12:57:00.000,106.729,15.159,1529.789514
02 Mar 2024 18:37:00.000,319.624,20.580,1291.774607
13 Mar 2024 11:24:00.000,15.017,22.135,1237.265314
06 Mar 2024 10:04:00.000,132.868,9.805,1847.900277
07 Mar 2024 15:02:00.000,344.696,21.685,1252.698919
14 Mar 2024 13:05:00.000,70.433,15.686,1506.136467
24 Mar 2024 05:52:00.000,47.535,11.171,1764.003109
07 Mar 2024 16:48:00.000,95.870,13.738,1605.189433
12 Mar 2024 16:31:00.000,177.653,19.987,1308.679153
13 Mar 2024 11:21:00.000,313.310,17.480,1422.555266
28 Mar 2024 02:19:00.000,68.629,7.862,1993.451527
27 Mar 2024 05:42:00.000,33.845,16.783,1453.710855
24 Mar 2024 05:52:00.000,51.282,7.825,1999.989798
10 Mar 2024 13:15:00.000,38.405,16.011,1492.070919
16 Mar 2024 07:48:00.000,239.091,7.718,1999.990536
29 Mar 2024 05:36:00.000,42.070,16.165,1482.851921
02 Mar 2024 13:32:00.000,233.394,13.559,1614.378734
02 Mar 2024 18:41:00.000,70.073,29.724,1014.362140
18 Mar 2024 11:13:00.000,75.211,9.290,1890.033007
02 Mar 2024 16:55:00.000,305.625,7.822,1999.991147
09 Mar 2024 09:55:00.000,120.220,32.102,961.972879
28 Mar 2024 03:53:00.000,282.517,20.117,1306.709017
03 Mar 2024 16:58:00.000,47.098,17.363,1426.032560
19 Mar 2024 06:07:00.000,68.245,7.807,1999.997928
21 Mar 2024 12:44:00.000,165.222,14.279,1572.533818
22 Mar 2024 09:16:00.000,345.400,23.628,1186.398801
01 Mar 2024 18:46:00.000,82.721,10.966,1772.256234
23 Mar 2024 05:47:00.000,264.179,7.741,1999.991604
12 Mar 2024 14:54:00.000,104.865,7.742,1999.976400
10 Mar 2024 16:37:00.000,148.439,38.046,852.930662
01 Mar 2024 22:02:00.000,248.033,7.699,1999.990077
04 Mar 2024 15:08:00.000,301.620,12.339,1691.141365
15 Mar 2024 13:03:00.000,86.158,11.864,1717.623324
29 Mar 2024 07:16:00.000,42.217,38.690,845.460552
14 Mar 2024 14:38:00.000,297.312,7.824,1999.991237
26 Mar 2024 09:00:00.000,303.531,7.819,1999.991306
21 Mar 2024 04:17:00.000,129.297,18.256,1380.709283
09 Mar 2024 11:31:00.000,264.104,13.399,1626.335093
21 Mar 2024 12:41:00.000,223.008,28.751,1037.116171
18 Mar 2024 12:51:00.000,114.890,74.845,578.100281
22 Mar 2024 04:15:00.000,99.600,19.560,1328.423211
12 Mar 2024 08:03:00.000,166.325,15.630,1502.507333
15 Mar 2024 07:57:00.000,82.336,38.144,853.656554
02 Mar 2024 15:19:00.000,26.735,22.275,1231.159001
02 Mar 2024 13:38:00.000,65.774,25.237,1134.842637
06 Mar 2024 15:05:00.000,342.121,21.195,1270.530538
20 Mar 2024 12:49:00.000,142.997,7.697,1999.999786
15 Mar 2024 11:16:00.000,324.488,17.017,1444.327041
14 Mar 2024 09:35:00.000,264.676,7.770,1999.982483
15 Mar 2024 11:19:00.000,23.981,20.482,1297.887201
29 Mar 2024 08:54:00.000,264.366,31.150,982.286493
04 Mar 2024 16:57:00.000,72.582,8.672,1932.940648
24 Mar 2024 10:55:00.000,140.188,13.988,1589.470197
12 Mar 2024 13:12:00.000,66.584,7.814,1999.984684
06 Mar 2024 18:24:00.000,291.901,7.797,1999.982727
20 Mar 2024 09:21:00.000,343.330,21.307,1266.649718
07 Mar 2024 13:23:00.000,8.066,26.466,1101.225338
20 Mar 2024 06:04:00.000,63.234,9.203,1896.759281
04 Mar 2024 13:33:00.000,45.442,22.984,1206.877687
31 Mar 2024 02:10:00.000,55.574,7.791,1999.970132
25 Mar 2024 02:21:00.000,178.960,7.631,1999.997531
19 Mar 2024 06:06:00.000,71.834,13.749,1607.818618
30 Mar 2024 05:31:00.000,7.578,24.002,1173.046533
19 Mar 2024 06:03:00.000,120.286,47.516,733.789341
22 Mar 2024 07:34:00.000,330.463,22.289,1230.648893
17 Mar 2024 07:48:00.000,262.762,34.840,908.709975
26 Mar 2024 07:28:00.000,69.385,7.806,1999.997247
26 Mar 2024 04:02:00.000,7.667,62.197,625.114037
27 Mar 2024 10:41:00.000,244.075,14.367,1570.480936
28 Mar 2024 05:33:00.000,301.176,7.795,1999.997132
10 Mar 2024 09:54:00.000,77.407,21.917,1242.631541
18 Mar 2024 11:07:00.000,327.518,18.592,1374.142594
29 Mar 2024 02:14:00.000,67.545,24.941,1141.381363
19 Mar 2024 14:27:00.000,237.991,9.389,1877.363003
21 Mar 2024 05:58:00.000,49.950,41.765,801.692643
30 Mar 2024 03:51:00.000,28.624,19.613,1329.507237
06 Mar 2024 11:46:00.000,71.894,23.913,1175.712005
05 Mar 2024 16:49:00.000,342.800,25.986,1113.802857
19 Mar 2024 06:05:00.000,77.878,21.707,1249.121988
28 Mar 2024 07:16:00.000,324.861,19.391,1339.299245
07 Mar 2024 11:40:00.000,241.315,63.249,620.455299
16 Mar 2024 14:38:00.000,195.526,32.301,956.419879
18 Mar 2024 11:06:00.000,316.556,12.753,1667.878397
18 Mar 2024 14:28:00.000,267.181,7.776,1999.987073
19 Mar 2024 07:44:00.000,1.676,35.653,896.074267
31 Mar 2024 03:46:00.000,329.685,22.268,1229.500143
09 Mar 2024 18:20:00.000,209.322,14.639,1552.103927
03 Mar 2024 13:30:00.000,248.460,22.030,1236.521340
17 Mar 2024 07:46:00.000,251.741,13.490,1618.891549
05 Mar 2024 18:35:00.000,126.586,9.052,1898.169424
15 Mar 2024 09:40:00.000,47.533,11.098,1770.010078
25 Mar 2024 04:06:00.000,61.758,42.284,794.063495
27 Mar 2024 02:19:00.000,98.256,23.433,1187.144379
06 Mar 2024 13:26:00.000,26.065,24.393,1162.017918
18 Mar 2024 14:34:00.000,178.868,7.671,1999.998097
09 Mar 2024 09:53:00.000,178.806,27.737,1062.226522
27 Mar 2024 07:19:00.000,327.513,18.470,1378.037040
04 Mar 2024 20:17:00.000,182.339,12.101,1693.691312
20 Mar 2024 11:00:00.000,312.267,13.335,1633.697870
26 Mar 2024 05:46:00.000,50.496,8.247,1967.617177
26 Mar 2024 07:22:00.000,328.273,17.706,1411.650854
20 Mar 2024 11:08:00.000,94.678,7.774,1999.985377
14 Mar 2024 16:24:00.000,219.292,12.393,1679.681444
26 Mar 2024 10:48:00.000,180.184,16.684,1451.439136
21 Mar 2024 09:22:00.000,46.821,17.210,1434.616731
31 Mar 2024 08:46:00.000,273.873,7.769,1999.999351
22 Mar 2024 12:38:00.000,233.811,18.913,1354.828305
15 Mar 2024 11:18:00.000,3.149,22.687,1218.234662
03 Mar 2024 20:20:00.000,165.977,13.717,1600.132756
27 Mar 2024 09:07:00.000,119.565,7.729,1999.981632
29 Mar 2024 07:19:00.000,89.841,12.539,1675.696657
09 Mar 2024 13:16:00.000,356.070,23.453,1192.481463
13 Mar 2024 11:22:00.000,330.600,22.201,1234.689013
08 Mar 2024 18:25:00.000,169.580,10.976,1764.840153
17 Mar 2024 14:35:00.000,196.838,21.021,1270.274568
31 Mar 2024 05:30:00.000,51.281,18.967,1355.715819
26 Mar 2024 05:44:00.000,30.151,18.423,1380.002685
08 Mar 2024 16:43:00.000,93.410,39.233,835.997136
20 Mar 2024 07:45:00.000,50.823,7.836,1999.989864
13 Mar 2024 13:07:00.000,51.725,19.321,1342.617295
12 Mar 2024 09:48:00.000,54.481,25.336,1132.893630
30 Mar 2024 07:09:00.000,308.472,13.454,1624.951008
07 Mar 2024 18:26:00.000,195.818,31.716,967.408650
04 Mar 2024 15:09:00.000,313.558,17.433,1424.100102
11 Mar 2024 08:06:00.000,159.069,10.303,1811.751892
10 Mar 2024 14:50:00.000,308.801,7.838,1999.982832
02 Mar 2024 18:43:00.000,91.154,12.813,1657.470202
02 Mar 2024 17:02:00.000,54.243,11.413,1747.189570
05 Mar 2024 18:32:00.000,135.608,41.112,807.980636
22 Mar 2024 07:33:00.000,313.103,17.550,1418.255143
21 Mar 2024 07:42:00.000,49.361,8.812,1926.749536
07 Mar 2024 11:43:00.000,59.921,25.548,1126.402013
26 Mar 2024 05:42:00.000,348.895,25.525,1126.793778
10 Mar 2024 18:16:00.000,223.348,9.653,1855.743858
06 Mar 2024 18:25:00.000,288.585,13.423,1625.384038
02 Mar 2024 15:15:00.000,295.767,19.040,1353.250837
25 Mar 2024 04:02:00.000,238.315,22.114,1230.552298
27 Mar 2024 10:39:00.000,267.903,7.771,1999.978510
30 Mar 2024 08:57:00.000,156.760,9.157,1890.577382
22 Mar 2024 11:00:00.000,110.066,25.221,1133.530178
02 Mar 2024 16:59:00.000,5.324,22.942,1208.163486
20 Mar 2024 07:41:00.000,337.072,30.907,989.879090
26 Mar 2024 02:17:00.000,195.171,7.632,1999.993546
11 Mar 2024 13:14:00.000,53.976,11.465,1745.615075
07 Mar 2024 16:47:00.000,89.070,21.577,1252.427354
15 Mar 2024 11:22:00.000,58.237,7.831,1999.999921
04 Mar 2024 11:50:00.000,144.513,28.429,1045.112804
09 Mar 2024 18:22:00.000,179.681,7.647,1999.988617
28 Mar 2024 09:04:00.000,130.575,7.712,1999.975405
30 Mar 2024 00:31:00.000,98.331,11.602,1729.061451
05 Mar 2024 16:51:00.000,36.515,28.969,1034.245932
05 Mar 2024 18:27:00.000,296.135,13.642,1613.621154
27 Mar 2024 02:17:00.000,150.064,32.651,947.443049
24 Mar 2024 05:45:00.000,279.290,12.923,1652.760954
20 Mar 2024 09:24:00.000,42.240,16.255,1480.063726
14 Mar 2024 16:26:00.000,188.997,7.663,1999.993511
02 Mar 2024 13:41:00.000,62.607,7.815,1999.993149
13 Mar 2024 08:05:00.000,87.395,13.979,1594.499549
21 Mar 2024 05:59:00.000,55.021,25.349,1131.447538
31 Mar 2024 00:29:00.000,79.918,8.271,1959.992751
12 Mar 2024 08:06:00.000,112.419,16.265,1474.506625
07 Mar 2024 18:27:00.000,173.639,24.107,1163.624227
08 Mar 2024 11:42:00.000,56.299,8.992,1913.409588
04 Mar 2024 20:15:00.000,213.397,18.448,1370.744378
31 Mar 2024 08:50:00.000,214.595,19.768,1318.377715
04 Mar 2024 11:48:00.000,186.152,18.550,1368.669523
11 Mar 2024 11:33:00.000,47.872,10.174,1831.246720
29 Mar 2024 03:56:00.000,47.768,10.327,1818.427369
29 Mar 2024 00:31:00.000,142.792,11.524,1729.623043
29 Mar 2024 05:37:00.000,53.551,11.372,1750.206465
30 Mar 2024 05:29:00.000,328.073,17.435,1422.906120
26 Mar 2024 04:01:00.000,284.877,56.848,656.248726
16 Mar 2024 09:38:00.000,50.655,7.842,1999.977263
05 Mar 2024 15:13:00.000,54.560,7.819,1999.981761
16 Mar 2024 12:56:00.000,358.637,44.688,766.638760
28 Mar 2024 07:17:00.000,341.158,26.951,1086.779557
18 Mar 2024 12:46:00.000,299.626,7.829,1999.978874
16 Mar 2024 06:14:00.000,108.210,12.103,1700.348694
30 Mar 2024 03:50:00.000,9.809,25.022,1140.944080
31 Mar 2024 03:51:00.000,51.780,7.805,1999.998854
05 Mar 2024 11:44:00.000,204.557,20.670,1284.242136
30 Mar 2024 02:09:00.000,26.959,71.402,586.537270
01 Mar 2024 18:43:00.000,38.541,31.924,966.318065
28 Mar 2024 07:22:00.000,85.083,7.780,1999.990189
31 Mar 2024 08:49:00.000,234.494,19.296,1338.224359
16 Mar 2024 11:17:00.000,44.540,16.680,1459.707341
17 Mar 2024 07:51:00.000,40.340,39.417,835.146068
08 Mar 2024 18:24:00.000,180.636,15.875,1488.307615
17 Mar 2024 14:36:00.000,180.525,16.276,1470.444777
31 Mar 2024 05:31:00.000,63.532,13.387,1627.889250
13 Mar 2024 08:06:00.000,79.619,8.815,1923.885538
03 Mar 2024 18:40:00.000,101.556,14.499,1562.335076
08 Mar 2024 15:00:00.000,8.521,25.352,1132.855051
06 Mar 2024 16:49:00.000,64.930,26.956,1085.164175
12 Mar 2024 16:26:00.000,274.848,12.746,1664.103372
23 Mar 2024 07:32:00.000,358.444,22.985,1207.311758
29 Mar 2024 02:10:00.000,224.376,35.496,893.862497
03 Mar 2024 16:56:00.000,7.707,24.284,1164.657904
30 Mar 2024 05:28:00.000,316.033,12.374,1687.914898
23 Mar 2024 07:33:00.000,19.529,20.780,1285.816935
27 Mar 2024 02:20:00.000,85.547,16.201,1476.965279
06 Mar 2024 13:23:00.000,306.226,27.244,1079.092212
07 Mar 2024 13:21:00.000,317.737,24.745,1150.952060
21 Mar 2024 07:42:00.000,50.768,7.835,1999.990364
22 Mar 2024 10:54:00.000,303.048,13.617,1616.967517
06 Mar 2024 18:26:00.000,282.816,21.263,1264.517796
27 Mar 2024 03:59:00.000,0.092,46.507,744.915695
30 Mar 2024 08:52:00.000,248.324,25.455,1125.815241
05 Mar 2024 18:26:00.000,297.120,7.803,1999.991294
10 Mar 2024 16:36:00.000,181.602,58.734,644.181898
25 Mar 2024 10:50:00.000,172.534,24.991,1138.340978
15 Mar 2024 07:59:00.000,68.079,14.973,1542.881382
30 Mar 2024 08:56:00.000,164.520,14.531,1558.637635
29 Mar 2024 08:52:00.000,285.411,13.358,1629.232851
20 Mar 2024 12:41:00.000,284.943,13.287,1634.397824
12 Mar 2024 14:49:00.000,50.457,52.267,691.637464
31 Mar 2024 08:47:00.000,264.699,11.954,1710.151297
07 Mar 2024 11:38:00.000,239.960,22.171,1231.309872
31 Mar 2024 05:25:00.000,316.820,12.583,1675.342401
11 Mar 2024 09:50:00.000,66.241,25.236,1135.396723
04 Mar 2024 20:18:00.000,172.444,8.056,1967.859656
13 Mar 2024 14:43:00.000,304.865,22.184,1233.978704
16 Mar 2024 07:51:00.000,239.214,36.129,885.331734
17 Mar 2024 09:31:00.000,349.458,25.417,1131.352606
06 Mar 2024 11:47:00.000,67.730,14.973,1543.016468
28 Mar 2024 03:59:00.000,47.853,12.052,1707.485567
23 Mar 2024 04:15:00.000,71.470,7.789,1999.990302
05 Mar 2024 13:24:00.000,269.836,13.215,1637.233497
06 Mar 2024 10:05:00.000,119.559,9.032,1903.606607
17 Mar 2024 06:07:00.000,175.460,17.066,1432.703380
13 Mar 2024 16:23:00.000,272.685,7.778,1999.999683
03 Mar 2024 13:33:00.000,18.990,69.149,595.764270
19 Mar 2024 07:48:00.000,51.921,7.836,1999.982302
22 Mar 2024 10:57:00.000,326.610,60.035,638.101563
03 Mar 2024 20:21:00.000,158.180,8.583,1929.026444
12 Mar 2024 08:08:00.000,88.714,8.359,1956.453051
14 Mar 2024 14:47:00.000,126.108,9.068,1899.009498
17 Mar 2024 11:09:00.000,316.584,12.473,1684.584525
24 Mar 2024 02:28:00.000,129.953,9.232,1884.812831
04 Mar 2024 11:52:00.000,99.461,20.332,1299.757037
11 Mar 2024 09:43:00.000,233.868,7.722,1999.988113
21 Mar 2024 11:03:00.000,94.664,22.801,1210.845369
22 Mar 2024 05:59:00.000,55.388,7.822,1999.984110
01 Mar 2024 18:41:00.000,340.694,27.420,1073.568808
14 Mar 2024 13:06:00.000,78.648,10.086,1833.844643
08 Mar 2024 14:57:00.000,316.673,12.511,1682.000410
03 Mar 2024 11:56:00.000,88.681,8.549,1942.214968
13 Mar 2024 14:47:00.000,105.346,41.277,807.401612
26 Mar 2024 07:23:00.000,345.543,22.717,1216.016141
05 Mar 2024 18:28:00.000,294.296,22.072,1236.060948
19 Mar 2024 06:00:00.000,212.518,21.210,1262.823436
13 Mar 2024 13:06:00.000,33.141,24.638,1154.400048
25 Mar 2024 07:30:00.000,55.997,11.672,1732.040190
07 Mar 2024 15:00:00.000,315.268,12.307,1694.140827
27 Mar 2024 10:45:00.000,182.989,9.582,1860.473418
12 Mar 2024 08:02:00.000,179.404,11.669,1723.045672
25 Mar 2024 09:11:00.000,88.004,21.191,1267.773285
02 Mar 2024 20:17:00.000,284.156,13.245,1634.200526
06 Mar 2024 11:45:00.000,81.404,38.291,851.643281
21 Mar 2024 09:23:00.000,58.581,12.136,1703.721433
30 Mar 2024 02:10:00.000,51.250,41.810,799.724559
11 Mar 2024 08:10:00.000,103.587,8.528,1942.037996
08 Mar 2024 09:59:00.000,99.639,16.219,1478.031758
26 Mar 2024 09:04:00.000,343.137,54.726,672.684494
26 Mar 2024 07:27:00.000,60.866,12.759,1665.510705
15 Mar 2024 14:42:00.000,158.865,33.948,923.876331
04 Mar 2024 13:30:00.000,302.342,49.850,712.840695
16 Mar 2024 07:54:00.000,60.491,42.604,791.204457
09 Mar 2024 11:30:00.000,260.089,7.769,1999.990520
04 Mar 2024 15:14:00.000,44.158,12.246,1697.067188
09 Mar 2024 09:57:00.000,85.038,16.838,1449.685380
13 Mar 2024 11:27:00.000,51.966,7.840,1999.999060
31 Mar 2024 02:07:00.000,35.012,36.638,876.896161
10 Mar 2024 14:57:00.000,74.223,17.046,1439.724230
06 Mar 2024 13:21:00.000,280.305,12.975,1652.129402
17 Mar 2024 09:34:00.000,42.518,12.940,1657.041094
01 Mar 2024 20:26:00.000,139.336,23.500,1182.831293
14 Mar 2024 09:44:00.000,52.776,7.840,1999.991139
12 Mar 2024 13:05:00.000,316.138,12.400,1689.012938
18 Mar 2024 14:29:00.000,256.673,11.250,1754.506096
31 Mar 2024 08:52:00.000,181.914,13.205,1631.179816
23 Mar 2024 07:30:00.000,319.565,17.110,1438.654691
30 Mar 2024 05:32:00.000,29.529,21.808,1246.753824
01 Mar 2024 20:25:00.000,149.191,37.581,859.081559
03 Mar 2024 15:18:00.000,49.619,8.649,1937.776205
31 Mar 2024 02:05:00.000,298.775,51.514,696.088068
28 Mar 2024 05:38:00.000,21.516,20.490,1295.926432
30 Mar 2024 05:33:00.000,46.518,17.105,1437.863652
18 Mar 2024 06:04:00.000,194.222,19.527,1326.935872
24 Mar 2024 09:08:00.000,313.840,13.122,1645.446229
01 Mar 2024 22:03:00.000,235.718,9.125,1892.521192
17 Mar 2024 07:54:00.000,56.436,9.069,1907.713763
02 Mar 2024 11:53:00.000,171.358,7.686,1999.985880
31 Mar 2024 03:45:00.000,312.413,17.468,1419.876106
07 Mar 2024 18:29:00.000,150.106,7.657,1999.977354
21 Mar 2024 04:18:00.000,111.986,15.813,1494.904659
23 Mar 2024 05:53:00.000,27.352,30.049,1008.814964
31 Mar 2024 08:53:00.000,171.685,8.936,1905.757301
26 Mar 2024 10:42:00.000,278.317,7.789,1999.984143
01 Mar 2024 18:44:00.000,61.252,24.536,1154.484973
28 Mar 2024 09:00:00.000,145.863,38.954,839.635193
05 Mar 2024 13:28:00.000,0.085,39.627,832.526635
23 Mar 2024 04:06:00.000,215.531,7.659,1999.997612
07 Mar 2024 10:01:00.000,123.328,14.879,1543.490891
23 Mar 2024 07:31:00.000,336.884,21.371,1263.551353
12 Mar 2024 11:27:00.000,10.178,24.734,1152.072562
22 Mar 2024 05:57:00.000,51.673,14.692,1557.853172
23 Mar 2024 05:50:00.000,290.449,30.462,997.888960
21 Mar 2024 05:54:00.000,247.031,21.997,1236.025672
05 Mar 2024 11:46:00.000,161.389,40.793,813.635282
24 Mar 2024 07:31:00.000,23.739,20.459,1297.939280
10 Mar 2024 18:15:00.000,236.789,9.241,1886.161166
18 Mar 2024 09:26:00.000,316.608,17.252,1432.746655
10 Mar 2024 14:56:00.000,60.785,24.505,1156.972780
12 Mar 2024 14:47:00.000,323.829,33.529,935.292702
05 Mar 2024 11:42:00.000,216.666,7.706,1999.992170
07 Mar 2024 11:45:00.000,60.474,7.828,1999.981833
21 Mar 2024 04:20:00.000,88.052,7.764,1999.999187
18 Mar 2024 07:51:00.000,53.779,8.110,1978.924994
15 Mar 2024 14:44:00.000,140.880,13.831,1597.332961
27 Mar 2024 09:00:00.000,301.851,36.397,882.319725
05 Mar 2024 20:10:00.000,247.486,10.280,1814.602289
22 Mar 2024 07:39:00.000,51.878,7.833,1999.998958
30 Mar 2024 03:48:00.000,321.360,23.914,1174.459410
05 Mar 2024 13:30:00.000,40.784,19.932,1318.395997
10 Mar 2024 09:56:00.000,68.100,8.060,1981.662577
14 Mar 2024 08:02:00.000,74.927,12.446,1683.612575
21 Mar 2024 11:02:00.000,82.507,35.482,898.039187
02 Mar 2024 13:40:00.000,62.793,9.235,1894.603985
17 Mar 2024 09:35:00.000,51.198,7.841,1999.983388
21 Mar 2024 07:40:00.000,28.689,19.532,1334.653032
12 Mar 2024 11:28:00.000,28.826,19.420,1339.831879
03 Mar 2024 20:17:00.000,222.126,27.751,1060.148647
26 Mar 2024 09:03:00.000,318.170,34.643,913.797688
09 Mar 2024 16:38:00.000,300.205,63.441,619.273775
27 Mar 2024 03:56:00.000,269.326,21.132,1267.415041
13 Mar 2024 07:58:00.000,203.314,7.681,1999.983397
29 Mar 2024 00:33:00.000,114.258,10.116,1824.146290
27 Mar 2024 10:40:00.000,257.671,11.281,1752.356540
24 Mar 2024 10:47:00.000,292.449,7.812,1999.991871
31 Mar 2024 05:29:00.000,32.955,24.205,1166.251822
18 Mar 2024 06:06:00.000,151.242,33.359,934.916910
28 Mar 2024 08:58:00.000,259.180,56.370,660.182737
10 Mar 2024 09:51:00.000,172.793,47.767,731.548870
09 Mar 2024 11:39:00.000,53.727,8.015,1986.368313
27 Mar 2024 08:57:00.000,299.863,7.813,1999.990784
30 Mar 2024 05:34:00.000,58.264,12.059,1706.839511
07 Mar 2024 18:21:00.000,285.481,7.787,1999.984686
20 Mar 2024 12:42:00.000,277.552,20.689,1287.122037
27 Mar 2024 02:21:00.000,77.892,10.327,1815.004603
29 Mar 2024 03:48:00.000,277.391,7.746,1999.990288
12 Mar 2024 09:45:00.000,267.124,60.751,633.666010
04 Mar 2024 18:29:00.000,301.355,7.809,1999.990737
13 Mar 2024 08:06:00.000,78.300,7.802,1999.993148
10 Mar 2024 09:55:00.000,71.501,13.870,1602.111050
31 Mar 2024 07:05:00.000,301.924,7.802,1999.990915
13 Mar 2024 09:47:00.000,55.238,7.838,1999.982087
07 Mar 2024 11:36:00.000,239.560,7.736,1999.985548
11 Mar 2024 13:10:00.000,343.474,21.337,1265.806677
08 Mar 2024 09:57:00.000,137.103,23.264,1193.583083
25 Mar 2024 04:04:00.000,235.508,63.200,619.270058
29 Mar 2024 07:15:00.000,3.457,39.459,834.220540
17 Mar 2024 11:08:00.000,308.723,7.840,1999.983865
27 Mar 2024 02:15:00.000,193.078,19.424,1329.121506
08 Mar 2024 15:03:00.000,61.469,12.862,1659.166989
06 Mar 2024 18:33:00.000,137.815,7.669,1999.972871
19 Mar 2024 11:07:00.000,38.301,31.428,978.712562
28 Mar 2024 02:17:00.000,78.445,21.426,1257.318043
09 Mar 2024 16:43:00.000,120.681,7.704,1999.976546
08 Mar 2024 09:58:00.000,115.863,20.887,1277.842912
13 Mar 2024 09:43:00.000,0.584,52.643,689.209853
26 Mar 2024 09:10:00.000,109.109,7.746,1999.990201
31 Mar 2024 00:23:00.000,183.201,18.141,1381.932145
25 Mar 2024 02:22:00.000,168.349,10.909,1768.216233
29 Mar 2024 00:29:00.000,168.220,7.623,1999.986848
01 Mar 2024 17:00:00.000,339.902,21.134,1271.980299
19 Mar 2024 07:41:00.000,283.301,20.138,1307.879477
07 Mar 2024 16:49:00.000,100.133,7.737,1999.978744
13 Mar 2024 08:04:00.000,99.511,19.997,1312.683046
29 Mar 2024 08:55:00.000,235.323,42.014,797.165445
01 Mar 2024 22:04:00.000,222.337,9.427,1869.692265
21 Mar 2024 07:34:00.000,285.914,7.790,1999.990166
03 Mar 2024 20:14:00.000,274.533,12.636,1668.743943
27 Mar 2024 02:13:00.000,208.863,7.640,1999.991913
12 Mar 2024 16:33:00.000,157.784,8.718,1921.065563
11 Mar 2024 14:49:00.000,319.847,20.580,1293.253573
27 Mar 2024 05:36:00.000,295.876,7.788,1999.996269
09 Mar 2024 13:17:00.000,17.539,21.266,1268.255724
10 Mar 2024 16:40:00.000,132.103,8.638,1928.612734
07 Mar 2024 09:59:00.000,156.495,14.055,1585.350879
24 Mar 2024 04:05:00.000,221.002,21.650,1246.205276
05 Mar 2024 15:06:00.000,307.786,12.249,1697.113899
07 Mar 2024 16:40:00.000,306.099,7.826,1999.990555
17 Mar 2024 14:38:00.000,163.057,7.674,1999.978626
29 Mar 2024 03:52:00.000,336.309,31.142,983.106029
27 Mar 2024 05:43:00.000,45.515,11.837,1721.686134
21 Mar 2024 04:15:00.000,165.293,15.455,1509.342196
11 Mar 2024 09:49:00.000,71.628,41.504,805.631140
26 Mar 2024 09:05:00.000,56.859,59.208,642.595456
04 Mar 2024 15:10:00.000,330.833,22.129,1236.564108
23 Mar 2024 04:09:00.000,188.343,30.021,1004.505993
24 Mar 2024 04:11:00.000,68.451,14.788,1550.739022
05 Mar 2024 15:07:00.000,320.046,17.083,1440.502281
26 Mar 2024 10:49:00.000,162.253,7.683,1999.973712
07 Mar 2024 11:42:00.000,59.480,42.411,793.976289
03 Mar 2024 11:50:00.000,180.028,11.746,1718.920026
21 Mar 2024 05:53:00.000,245.229,13.554,1613.679415
05 Mar 2024 16:54:00.000,81.872,7.767,1999.990294
09 Mar 2024 09:56:00.000,97.877,24.429,1158.318915
16 Mar 2024 12:59:00.000,88.641,21.372,1261.195034
15 Mar 2024 11:15:00.000,312.175,12.233,1698.875020
08 Mar 2024 16:40:00.000,316.652,34.812,910.374654
04 Mar 2024 18:39:00.000,115.543,7.699,1999.991402
31 Mar 2024 02:10:00.000,55.165,8.644,1935.628293
16 Mar 2024 06:12:00.000,139.498,15.245,1522.386208
02 Mar 2024 15:18:00.000,5.916,28.646,1043.153526
10 Mar 2024 11:31:00.000,299.298,28.797,1039.086649
17 Mar 2024 12:50:00.000,305.641,13.617,1617.433962
09 Mar 2024 18:17:00.000,256.055,11.146,1759.616199
25 Mar 2024 09:09:00.000,45.377,44.366,769.834439
30 Mar 2024 07:12:00.000,353.194,48.802,722.315758
08 Mar 2024 16:42:00.000,58.795,61.056,631.544951
16 Mar 2024 11:14:00.000,344.621,21.661,1254.129942
25 Mar 2024 10:44:00.000,286.176,7.802,1999.976793
16 Mar 2024 09:36:00.000,40.165,14.759,1556.084283
26 Mar 2024 10:44:00.000,258.356,17.528,1416.141332
21 Mar 2024 10:59:00.000,324.516,33.449,937.062821
23 Mar 2024 12:36:00.000,205.343,11.452,1737.444865
14 Mar 2024 11:25:00.000,54.425,7.837,1999.982138
30 Mar 2024 02:08:00.000,261.844,61.658,626.809380
14 Mar 2024 11:18:00.000,307.538,12.246,1697.766011
13 Mar 2024 14:44:00.000,309.218,36.030,889.067738
10 Mar 2024 11:33:00.000,1.631,35.331,902.311886
03 Mar 2024 18:34:00.000,312.994,21.528,1256.250431
03 Mar 2024 16:57:00.000,29.912,22.120,1235.947969
10 Mar 2024 14:51:00.000,314.866,12.982,1654.092665
26 Mar 2024 10:43:00.000,270.308,12.398,1684.655796
10 Mar 2024 09:48:00.000,219.094,13.421,1621.049788
26 Mar 2024 02:23:00.000,99.483,15.398,1515.683455
04 Mar 2024 16:57:00.000,73.867,7.779,1999.994062
09 Mar 2024 16:36:00.000,299.765,22.279,1229.849144
02 Mar 2024 18:42:00.000,83.706,19.999,1311.300675
26 Mar 2024 05:41:00.000,325.978,22.962,1206.665753
30 Mar 2024 02:07:00.000,249.374,35.945,886.606850
21 Mar 2024 07:36:00.000,304.644,18.159,1390.804734
28 Mar 2024 08:57:00.000,282.911,35.061,905.162383
22 Mar 2024 12:36:00.000,263.992,11.871,1716.464659
27 Mar 2024 07:17:00.000,309.334,7.817,1999.990259
24 Mar 2024 05:44:00.000,273.337,7.756,1999.983494
04 Mar 2024 13:32:00.000,33.325,35.776,893.861882
03 Mar 2024 20:13:00.000,281.552,7.768,1999.990211
08 Mar 2024 18:20:00.000,256.961,17.225,1428.560048
10 Mar 2024 11:36:00.000,51.846,7.840,1999.980809
08 Mar 2024 16:37:00.000,303.199,7.823,1999.991176
08 Mar 2024 13:21:00.000,30.553,18.215,1390.200578
11 Mar 2024 13:11:00.000,4.988,22.943,1209.386241
14 Mar 2024 09:37:00.000,277.234,20.630,1289.275564
22 Mar 2024 05:49:00.000,254.429,7.725,1999.999914
16 Mar 2024 14:39:00.000,173.102,24.484,1153.357141
09 Mar 2024 13:12:00.000,296.493,7.826,1999.984667
08 Mar 2024 16:44:00.000,102.989,24.376,1158.148485
08 Mar 2024 18:22:00.000,217.710,23.002,1200.122168
06 Mar 2024 11:48:00.000,65.451,8.779,1927.996299
06 Mar 2024 11:42:00.000,214.738,34.888,907.235646
18 Mar 2024 12:55:00.000,120.183,7.727,1999.995277
18 Mar 2024 07:43:00.000,263.533,13.329,1629.015511
24 Mar 2024 10:51:00.000,244.290,48.827,721.501147
23 Mar 2024 09:13:00.000,343.126,25.765,1120.817807
02 Mar 2024 13:36:00.000,97.716,70.146,591.895173
26 Mar 2024 07:25:00.000,31.149,22.984,1206.824081
23 Mar 2024 09:16:00.000,56.991,22.204,1233.176922
19 Mar 2024 14:28:00.000,224.474,9.930,1838.385530
09 Mar 2024 13:18:00.000,34.229,16.696,1459.124702
12 Mar 2024 16:25:00.000,281.858,7.793,1999.989652
29 Mar 2024 08:59:00.000,146.075,12.674,1663.203624
24 Mar 2024 07:26:00.000,303.460,7.813,1999.987055
04 Mar 2024 13:26:00.000,255.339,7.760,1999.986340
02 Mar 2024 15:13:00.000,278.626,7.793,1999.980794
22 Mar 2024 09:15:00.000,328.174,18.128,1393.760851
17 Mar 2024 06:11:00.000,99.536,15.843,1495.472510
14 Mar 2024 07:57:00.000,189.592,30.304,999.569334
31 Mar 2024 07:06:00.000,303.410,13.621,1615.031409
07 Mar 2024 13:26:00.000,50.657,7.834,1999.981165
17 Mar 2024 14:30:00.000,277.810,7.794,1999.999947
17 Mar 2024 06:06:00.000,187.674,12.156,1692.177849
08 Mar 2024 14:58:00.000,328.379,17.826,1407.178879
27 Mar 2024 09:03:00.000,117.137,42.240,794.573445
22 Mar 2024 04:12:00.000,167.307,24.178,1161.456132
09 Mar 2024 13:15:00.000,334.267,21.679,1253.168288
30 Mar 2024 02:04:00.000,243.508,7.681,1999.976229
06 Mar 2024 18:31:00.000,147.477,21.761,1242.165620
13 Mar 2024 16:25:00.000,250.209,15.789,1497.249096
14 Mar 2024 07:56:00.000,203.933,20.480,1290.713531
07 Mar 2024 13:24:00.000,27.661,20.699,1289.161023
30 Mar 2024 02:11:00.000,55.694,25.317,1130.587887
22 Mar 2024 07:36:00.000,15.020,22.173,1235.216427
03 Mar 2024 18:35:00.000,323.398,33.660,931.558902
18 Mar 2024 09:28:00.000,355.731,23.513,1190.462972
12 Mar 2024 09:49:00.000,56.880,15.765,1503.571557
21 Mar 2024 04:14:00.000,178.465,11.600,1725.187558
21 Mar 2024 05:55:00.000,250.803,35.857,889.623259
19 Mar 2024 11:08:00.000,60.679,24.206,1166.939929
05 Mar 2024 11:47:00.000,120.969,39.793,828.253008
03 Mar 2024 13:31:00.000,252.906,35.816,891.469666
05 Mar 2024 13:26:00.000,292.004,30.245,1004.226769
28 Mar 2024 02:13:00.000,199.287,32.350,953.220263
31 Mar 2024 00:27:00.000,99.507,18.962,1350.964664
05 Mar 2024 20:12:00.000,218.675,12.104,1695.171260
15 Mar 2024 07:56:00.000,115.916,58.494,646.476380
06 Mar 2024 16:46:00.000,337.629,28.777,1039.502932
14 Mar 2024 16:26:00.000,192.482,8.594,1930.081057
17 Mar 2024 09:35:00.000,50.687,8.177,1974.391055
17 Mar 2024 06:10:00.000,115.507,20.428,1294.231716
12 Mar 2024 11:23:00.000,293.777,12.565,1677.504111
16 Mar 2024 11:18:00.000,56.179,11.760,1727.245445
05 Mar 2024 18:29:00.000,290.113,35.873,890.242545
10 Mar 2024 16:39:00.000,134.472,14.822,1543.702800
31 Mar 2024 02:06:00.000,1.678,54.234,674.776985
01 Mar 2024 20:24:00.000,181.955,57.782,649.176079
16 Mar 2024 07:53:00.000,61.719,74.957,577.887232
27 Mar 2024 10:42:00.000,227.599,16.027,1484.333558
21 Mar 2024 10:57:00.000,308.228,13.544,1621.506685
20 Mar 2024 12:43:00.000,263.532,30.742,991.905471
11 Mar 2024 16:30:00.000,276.805,20.717,1285.276018
23 Mar 2024 05:55:00.000,48.481,13.002,1651.875413
18 Mar 2024 07:48:00.000,29.746,32.957,946.689644
15 Mar 2024 12:56:00.000,313.651,13.114,1646.708932
25 Mar 2024 07:28:00.000,27.804,21.129,1272.445714
05 Mar 2024 13:32:00.000,52.695,7.830,1999.989645
25 Mar 2024 04:03:00.000,237.841,36.263,881.596291
03 Mar 2024 16:55:00.000,345.435,22.215,1233.177658
21 Mar 2024 09:16:00.000,307.903,7.831,2000.000066
09 Mar 2024 16:34:00.000,299.432,7.818,1999.991904
14 Mar 2024 14:42:00.000,275.716,61.285,630.564145
29 Mar 2024 09:00:00.000,142.268,7.696,1999.983666
26 Mar 2024 07:24:00.000,8.232,25.099,1140.028393
30 Mar 2024 00:30:00.000,111.597,15.301,1518.586117
13 Mar 2024 16:27:00.000,213.750,18.812,1357.094319
11 Mar 2024 16:31:00.000,262.416,30.624,993.815575
19 Mar 2024 07:39:00.000,269.095,7.765,1999.980212
24 Mar 2024 07:33:00.000,51.455,11.296,1756.250666
06 Mar 2024 16:45:00.000,322.270,20.031,1313.955249
10 Mar 2024 16:34:00.000,280.816,34.834,909.116402
22 Mar 2024 10:55:00.000,305.294,22.003,1240.441546
08 Mar 2024 13:16:00.000,297.941,12.473,1683.329248
02 Mar 2024 11:55:00.000,145.976,12.205,1691.845312
14 Mar 2024 14:45:00.000,129.254,24.996,1138.833228
17 Mar 2024 14:37:00.000,169.344,11.285,1746.867898
11 Mar 2024 11:25:00.000,278.314,7.798,1999.990443
17 Mar 2024 12:54:00.000,58.242,60.152,637.275728
14 Mar 2024 11:19:00.000,319.778,17.089,1440.779308
03 Mar 2024 13:35:00.000,54.085,25.228,1135.630559
05 Mar 2024 18:36:00.000,126.367,7.683,1999.979818
26 Mar 2024 02:20:00.000,157.023,20.955,1270.402043
02 Mar 2024 20:18:00.000,276.427,20.549,1290.051663
30 Mar 2024 02:06:00.000,246.055,22.009,1233.748306
20 Mar 2024 04:19:00.000,144.137,11.808,1713.965907
20 Mar 2024 11:07:00.000,90.401,12.646,1670.184062
12 Mar 2024 09:43:00.000,247.829,22.004,1237.338156
26 Mar 2024 10:46:00.000,218.586,23.987,1169.742466
27 Mar 2024 07:25:00.000,74.806,9.233,1893.345801
18 Mar 2024 07:49:00.000,42.935,21.696,1251.731261
24 Mar 2024 07:27:00.000,311.951,12.204,1699.177667
31 Mar 2024 00:24:00.000,165.889,23.815,1171.286441
22 Mar 2024 10:59:00.000,103.826,41.439,805.640211
23 Mar 2024 12:35:00.000,220.031,12.739,1660.205065
16 Mar 2024 11:13:00.000,327.320,17.247,1433.788340
08 Mar 2024 15:04:00.000,70.088,7.798,1999.996731
23 Mar 2024 09:14:00.000,8.332,30.329,1003.299729
28 Mar 2024 05:34:00.000,309.659,12.192,1698.624450
13 Mar 2024 16:30:00.000,170.939,7.660,1999.993995
01 Mar 2024 16:57:00.000,301.830,7.817,1999.995151
30 Mar 2024 05:27:00.000,307.778,7.801,2000.000058
27 Mar 2024 07:18:00.000,316.531,12.674,1670.997584
23 Mar 2024 10:57:00.000,128.285,25.110,1135.988830
06 Mar 2024 16:50:00.000,78.614,18.494,1374.127990
11 Mar 2024 14:47:00.000,307.263,7.836,1999.998341
15 Mar 2024 06:16:00.000,131.409,9.557,1864.054141
24 Mar 2024 05:48:00.000,331.378,33.701,931.137033
25 Mar 2024 04:05:00.000,66.967,74.367,578.420476
25 Mar 2024 07:31:00.000,63.071,7.816,1999.978561
23 Mar 2024 04:07:00.000,210.816,13.115,1635.160841
20 Mar 2024 11:01:00.000,320.210,20.609,1292.352445
17 Mar 2024 12:52:00.000,317.397,34.849,910.479748
23 Mar 2024 05:54:00.000,41.030,20.233,1305.756278
25 Mar 2024 09:05:00.000,310.499,13.421,1627.974143
27 Mar 2024 04:00:00.000,30.368,33.109,942.189614
08 Mar 2024 16:39:00.000,309.065,21.783,1247.741886
18 Mar 2024 12:47:00.000,299.889,13.674,1613.772950
15 Mar 2024 08:00:00.000,65.689,8.787,1927.411733
22 Mar 2024 10:56:00.000,309.961,35.671,895.491060
25 Mar 2024 10:45:00.000,280.565,13.149,1641.551518
20 Mar 2024 04:22:00.000,101.510,7.741,1999.996879
26 Mar 2024 05:38:00.000,289.357,7.780,1999.991557
08 Mar 2024 13:20:00.000,12.789,23.189,1201.034903
03 Mar 2024 13:36:00.000,56.638,15.700,1506.154904
19 Mar 2024 12:48:00.000,180.302,59.745,638.780479
25 Mar 2024 05:46:00.000,7.698,26.832,1089.957569
19 Mar 2024 11:09:00.000,73.990,16.842,1450.096811
04 Mar 2024 18:32:00.000,308.479,35.875,890.618151
04 Mar 2024 16:49:00.000,309.214,7.828,1999.998427
03 Mar 2024 13:28:00.000,245.078,7.743,1999.979809
10 Mar 2024 09:47:00.000,222.441,7.708,1999.999952
17 Mar 2024 14:33:00.000,240.238,21.806,1243.674317
21 Mar 2024 04:19:00.000,98.478,12.036,1704.407105
27 Mar 2024 07:23:00.000,53.899,20.464,1296.514338
27 Mar 2024 10:46:00.000,177.862,7.677,1999.987653
25 Mar 2024 05:48:00.000,40.226,14.769,1554.180120
02 Mar 2024 17:00:00.000,26.373,20.714,1287.365266
25 Mar 2024 02:27:00.000,94.387,7.737,1999.980128
08 Mar 2024 11:34:00.000,252.311,13.563,1615.950937
03 Mar 2024 13:32:00.000,269.070,60.545,634.735505
04 Mar 2024 16:55:00.000,52.029,19.358,1339.711517
02 Mar 2024 16:57:00.000,326.424,17.126,1438.054190
17 Mar 2024 09:27:00.000,289.758,7.809,1999.984717
31 Mar 2024 07:12:00.000,109.021,25.032,1138.264896
15 Mar 2024 08:00:00.000,65.362,7.821,1999.985304
14 Mar 2024 14:46:00.000,127.192,15.489,1510.865932
15 Mar 2024 12:55:00.000,308.185,7.841,1999.979075
12 Mar 2024 14:48:00.000,351.616,50.077,710.936158
15 Mar 2024 12:58:00.000,337.891,28.664,1043.219832
09 Mar 2024 13:13:00.000,304.813,12.310,1693.689266
17 Mar 2024 14:34:00.000,218.234,23.455,1186.632644
29 Mar 2024 02:16:00.000,63.536,9.124,1900.058113
01 Mar 2024 22:05:00.000,203.252,7.638,2000.000070
01 Mar 2024 18:40:00.000,324.471,19.605,1330.139999
24 Mar 2024 09:11:00.000,5.670,35.977,890.487738
25 Mar 2024 07:29:00.000,44.408,16.572,1464.042912
03 Mar 2024 15:17:00.000,41.415,13.603,1617.915845
15 Mar 2024 06:14:00.000,157.220,7.674,1999.999418
31 Mar 2024 03:50:00.000,43.672,12.398,1686.406512
07 Mar 2024 18:23:00.000,270.254,19.696,1323.787565
09 Mar 2024 14:55:00.000,327.385,18.605,1373.226723
06 Mar 2024 11:39:00.000,228.467,7.720,1999.997968
18 Mar 2024 12:53:00.000,119.517,25.560,1123.037626
16 Mar 2024 14:36:00.000,254.560,27.961,1057.951994
31 Mar 2024 00:29:00.000,79.205,7.747,1999.981306
01 Mar 2024 20:22:00.000,280.029,34.802,908.443475
24 Mar 2024 04:08:00.000,116.257,57.172,653.847606
28 Mar 2024 03:55:00.000,325.569,37.205,867.977106
21 Mar 2024 12:45:00.000,155.749,7.686,1999.982857
15 Mar 2024 11:20:00.000,40.239,16.067,1489.499635
06 Mar 2024 11:43:00.000,189.601,55.364,667.168054
31 Mar 2024 07:08:00.000,311.025,35.633,895.105406
26 Mar 2024 09:08:00.000,106.032,15.112,1532.225681
19 Mar 2024 07:45:00.000,26.398,26.999,1086.079759
23 Mar 2024 12:37:00.000,192.736,8.990,1902.544077
31 Mar 2024 05:32:00.000,71.707,8.480,1947.638188
07 Mar 2024 13:26:00.000,48.581,9.360,1887.241675
24 Mar 2024 02:29:00.000,117.070,8.261,1957.147699
21 Mar 2024 09:23:00.000,66.264,7.819,1999.985452
30 Mar 2024 08:55:00.000,176.800,20.906,1274.179323
18 Mar 2024 09:25:00.000,304.495,12.293,1694.214077
07 Mar 2024 15:06:00.000,56.386,11.779,1724.938717
11 Mar 2024 16:34:00.000,167.366,28.893,1032.069414
23 Mar 2024 10:53:00.000,291.882,36.145,886.780249
23 Mar 2024 10:59:00.000,125.331,7.723,1999.973778
03 Mar 2024 11:51:00.000,166.986,15.783,1495.419869
13 Mar 2024 13:04:00.000,345.307,23.722,1183.711280
14 Mar 2024 14:41:00.000,290.862,36.097,887.473657
02 Mar 2024 13:39:00.000,63.802,15.680,1506.637477
20 Mar 2024 12:45:00.000,193.776,40.310,820.112181
25 Mar 2024 10:46:00.000,271.448,19.968,1314.303694
02 Mar 2024 20:19:00.000,261.952,30.293,999.946887
23 Mar 2024 07:35:00.000,47.467,11.481,1744.809298
06 Mar 2024 15:07:00.000,24.335,20.441,1298.618144
04 Mar 2024 13:27:00.000,258.505,13.452,1622.651670
10 Mar 2024 13:17:00.000,56.248,7.828,1999.984443
03 Mar 2024 18:36:00.000,351.145,50.526,705.937681
11 Mar 2024 08:11:00.000,100.703,7.765,1999.989589
13 Mar 2024 14:51:00.000,115.122,7.725,1999.993351
14 Mar 2024 14:48:00.000,125.911,7.710,1999.979833
10 Mar 2024 11:29:00.000,275.012,13.128,1642.813332
12 Mar 2024 11:30:00.000,50.794,7.841,1999.990240
24 Mar 2024 07:33:00.000,58.000,7.824,1999.986309
25 Mar 2024 09:13:00.000,99.173,7.763,2000.000028
25 Mar 2024 07:27:00.000,6.430,23.339,1195.415085
11 Mar 2024 09:52:00.000,62.986,9.248,1894.590262
14 Mar 2024 13:06:00.000,81.521,7.791,1999.976695
07 Mar 2024 15:03:00.000,6.510,23.471,1191.363181
03 Mar 2024 13:37:00.000,58.116,9.264,1893.033034
09 Mar 2024 09:52:00.000,194.994,19.697,1321.580513
20 Mar 2024 04:18:00.000,157.981,10.182,1817.843343
05 Mar 2024 18:31:00.000,164.037,68.889,595.081286
01 Mar 2024 17:02:00.000,22.112,20.452,1297.446088
16 Mar 2024 14:41:00.000,149.551,7.683,1999.997152
20 Mar 2024 12:44:00.000,234.797,41.113,809.587895
22 Mar 2024 10:53:00.000,301.697,7.827,1999.990931
19 Mar 2024 12:43:00.000,294.989,7.822,1999.991735
04 Mar 2024 16:51:00.000,328.147,18.212,1389.449388
18 Mar 2024 06:08:00.000,98.171,24.044,1169.397480
19 Mar 2024 12:52:00.000,131.241,7.711,1999.999813
25 Mar 2024 02:25:00.000,122.124,14.103,1581.687347
06 Mar 2024 18:27:00.000,271.155,32.786,947.483139
10 Mar 2024 14:59:00.000,86.011,7.773,1999.991073
15 Mar 2024 14:37:00.000,288.906,13.497,1622.669624
04 Mar 2024 15:11:00.000,353.026,24.189,1168.283892
08 Mar 2024 15:02:00.000,49.406,18.215,1388.817830
28 Mar 2024 08:56:00.000,290.133,21.872,1243.624147
12 Mar 2024 14:50:00.000,83.280,35.859,890.951536
06 Mar 2024 15:03:00.000,312.430,12.271,1696.113564
19 Mar 2024 12:49:00.000,147.238,38.399,848.320600
09 Mar 2024 11:36:00.000,29.629,32.556,955.232886
09 Mar 2024 14:58:00.000,34.868,26.551,1098.007399
02 Mar 2024 18:44:00.000,95.496,7.732,1999.976719
01 Mar 2024 20:27:00.000,134.942,14.673,1549.853741
30 Mar 2024 03:45:00.000,285.445,7.759,1999.990014
06 Mar 2024 16:44:00.000,313.533,13.114,1645.663613
13 Mar 2024 16:28:00.000,196.045,16.311,1468.342159
04 Mar 2024 18:38:00.000,115.269,9.171,1890.784745
12 Mar 2024 14:53:00.000,104.482,8.489,1943.571624
12 Mar 2024 16:29:00.000,222.227,28.204,1049.964436
20 Mar 2024 09:18:00.000,305.355,7.829,1999.983528
30 Mar 2024 08:54:00.000,196.424,27.145,1077.114992
23 Mar 2024 05:51:00.000,318.795,40.859,813.789425
26 Mar 2024 09:06:00.000,91.277,38.584,846.491961
04 Mar 2024 20:13:00.000,249.618,15.635,1503.122138
30 Mar 2024 07:11:00.000,325.129,33.120,942.507104
25 Mar 2024 05:45:00.000,341.384,28.798,1038.603649
29 Mar 2024 03:50:00.000,294.091,19.076,1349.237533
10 Mar 2024 09:53:00.000,89.527,33.798,929.036402
09 Mar 2024 14:56:00.000,344.419,24.783,1149.991321
31 Mar 2024 07:07:00.000,305.880,22.003,1239.029898
06 Mar 2024 18:32:00.000,141.452,13.730,1601.119612
15 Mar 2024 07:52:00.000,225.820,13.449,1619.207951
29 Mar 2024 02:09:00.000,229.264,21.842,1238.833842
03 Mar 2024 15:13:00.000,322.807,23.687,1183.820608
25 Mar 2024 02:26:00.000,107.753,11.666,1725.053036
18 Mar 2024 06:05:00.000,177.963,27.388,1070.192909
19 Mar 2024 09:27:00.000,38.076,16.071,1489.271911
13 Mar 2024 13:09:00.000,73.561,7.803,1999.995488
03 Mar 2024 11:53:00.000,130.445,19.016,1350.511975
29 Mar 2024 07:20:00.000,94.118,7.764,1999.990513
31 Mar 2024 02:08:00.000,46.528,23.314,1193.334953
16 Mar 2024 14:33:00.000,285.789,7.807,1999.997087
27 Mar 2024 03:58:00.000,310.645,45.911,750.912965
20 Mar 2024 07:38:00.000,284.537,12.864,1657.733264
12 Mar 2024 08:05:00.000,130.045,18.699,1363.498652
03 Mar 2024 15:11:00.000,294.176,12.594,1675.237635
05 Mar 2024 11:49:00.000,81.596,19.592,1330.068151
29 Mar 2024 05:33:00.000,343.265,21.266,1266.533244
05 Mar 2024 20:14:00.000,189.871,7.638,1999.991579
07 Mar 2024 10:04:00.000,93.126,7.780,2000.000018
19 Mar 2024 12:47:00.000,256.863,55.760,664.744705
31 Mar 2024 05:26:00.000,328.305,18.081,1393.948000
06 Mar 2024 15:09:00.000,51.968,11.253,1758.492883
15 Mar 2024 14:40:00.000,243.030,48.050,728.930172
23 Mar 2024 09:15:00.000,36.188,28.518,1046.350343
15 Mar 2024 13:02:00.000,78.217,18.407,1379.321896
09 Mar 2024 11:39:00.000,53.845,7.837,1999.982233
29 Mar 2024 03:55:00.000,39.544,16.014,1489.697784
12 Mar 2024 13:10:00.000,46.920,17.330,1429.064556
06 Mar 2024 16:52:00.000,90.676,7.752,1999.989544
13 Mar 2024 09:45:00.000,45.674,23.152,1201.700042
26 Mar 2024 02:18:00.000,186.752,12.065,1695.445122
03 Mar 2024 16:53:00.000,316.181,12.386,1688.648490
29 Mar 2024 05:30:00.000,305.152,7.799,1999.983121
07 Mar 2024 11:45:00.000,60.415,9.343,1887.871890
03 Mar 2024 15:10:00.000,286.582,7.805,1999.990309
04 Mar 2024 15:13:00.000,32.311,17.332,1428.888908
12 Mar 2024 11:24:00.000,305.095,18.139,1392.814384
07 Mar 2024 16:43:00.000,329.181,31.936,967.154230
14 Mar 2024 07:54:00.000,216.166,7.691,1999.991183
27 Mar 2024 07:22:00.000,34.436,26.143,1109.188718
02 Mar 2024 15:20:00.000,39.736,15.638,1509.672223
09 Mar 2024 15:00:00.000,67.247,14.623,1560.498145
10 Mar 2024 09:49:00.000,213.349,21.323,1260.152225
25 Mar 2024 07:24:00.000,315.127,12.317,1692.467063
24 Mar 2024 04:04:00.000,225.067,13.452,1616.816961
30 Mar 2024 03:52:00.000,41.061,13.856,1602.413529
15 Mar 2024 06:15:00.000,144.817,9.183,1889.200402
28 Mar 2024 03:56:00.000,1.347,36.116,886.590381
11 Mar 2024 09:53:00.000,62.781,7.828,1999.996589
23 Mar 2024 09:12:00.000,326.368,18.974,1357.438772
15 Mar 2024 09:33:00.000,279.828,12.939,1653.821363
27 Mar 2024 07:24:00.000,66.559,14.437,1570.585552
13 Mar 2024 14:41:00.000,301.506,7.829,1999.990958
26 Mar 2024 07:28:00.000,69.030,8.036,1982.366806
31 Mar 2024 03:48:00.000,14.425,22.319,1228.282711
25 Mar 2024 09:13:00.000,99.110,7.856,1992.872215
17 Mar 2024 11:11:00.000,345.549,22.824,1213.449958
29 Mar 2024 07:17:00.000,68.650,28.853,1036.419180
12 Mar 2024 08:07:00.000,98.680,12.425,1682.602611
05 Mar 2024 20:14:00.000,192.250,8.266,1952.407582
15 Mar 2024 11:14:00.000,303.676,7.835,1999.987624
24 Mar 2024 04:10:00.000,72.985,23.583,1184.505340
19 Mar 2024 11:05:00.000,341.177,27.249,1079.824221
09 Mar 2024 11:34:00.000,312.394,44.916,763.822411
13 Mar 2024 07:59:00.000,196.302,12.581,1667.891283
22 Mar 2024 04:18:00.000,78.706,7.779,1999.972488
27 Mar 2024 02:18:00.000,119.845,30.669,990.380250
25 Mar 2024 05:43:00.000,299.744,18.658,1368.109963
07 Mar 2024 13:19:00.000,289.746,12.724,1667.694819
28 Mar 2024 03:54:00.000,297.807,29.069,1029.988483
08 Mar 2024 11:38:00.000,5.668,60.510,635.625258
24 Mar 2024 04:12:00.000,65.640,7.797,1999.976259
17 Mar 2024 07:45:00.000,249.627,7.734,1999.991105
03 Mar 2024 11:52:00.000,149.852,18.687,1363.363614
25 Mar 2024 05:41:00.000,281.783,7.769,1999.987977
06 Mar 2024 16:47:00.000,5.074,36.598,879.267839
26 Mar 2024 05:40:00.000,308.735,17.788,1406.371613
09 Mar 2024 18:19:00.000,226.060,15.370,1515.448183
13 Mar 2024 16:26:00.000,233.068,18.589,1367.564660
31 Mar 2024 03:49:00.000,31.756,17.543,1417.703422
28 Mar 2024 09:02:00.000,133.024,15.056,1532.916918
29 Mar 2024 05:35:00.000,25.730,20.617,1290.893204
25 Mar 2024 09:12:00.000,94.920,13.514,1619.390279
18 Mar 2024 09:27:00.000,333.903,21.704,1252.110498
20 Mar 2024 12:40:00.000,289.297,7.813,1999.979004
23 Mar 2024 04:11:00.000,121.240,38.313,848.800011
08 Mar 2024 16:41:00.000,340.402,55.743,665.009972
20 Mar 2024 07:42:00.000,5.493,29.103,1032.097472
19 Mar 2024 09:24:00.000,339.590,21.181,1271.265889
12 Mar 2024 14:44:00.000,304.818,7.834,1999.992337
24 Mar 2024 05:51:00.000,39.399,17.281,1430.632880
01 Mar 2024 17:04:00.000,49.838,11.283,1755.771053
25 Mar 2024 04:00:00.000,238.501,7.686,1999.991909
27 Mar 2024 10:44:00.000,195.056,12.998,1643.785470
14 Mar 2024 16:23:00.000,234.368,12.135,1696.553851
23 Mar 2024 09:18:00.000,81.082,7.795,1999.976397
11 Mar 2024 14:56:00.000,95.139,7.758,1999.991758
03 Mar 2024 18:41:00.000,104.872,8.478,1942.370195
11 Mar 2024 09:46:00.000,227.132,35.749,892.058351
18 Mar 2024 11:05:00.000,309.344,7.840,1999.983740
22 Mar 2024 04:14:00.000,118.235,25.205,1132.027691
06 Mar 2024 18:29:00.000,190.247,48.019,727.703850
04 Mar 2024 20:18:00.000,171.564,7.635,1999.994000
16 Mar 2024 09:33:00.000,341.473,28.598,1044.877474
10 Mar 2024 13:13:00.000,1.408,22.684,1218.196334
19 Mar 2024 11:06:00.000,7.585,33.079,944.771966
19 Mar 2024 09:29:00.000,56.066,7.834,1999.984025
13 Mar 2024 16:30:00.000,172.278,8.308,1950.857848
09 Mar 2024 16:41:00.000,120.373,25.368,1127.464457
27 Mar 2024 03:55:00.000,262.938,13.385,1623.602630
29 Mar 2024 08:51:00.000,289.674,7.796,1999.976038
02 Mar 2024 11:56:00.000,130.850,12.527,1673.593202
31 Mar 2024 00:26:00.000,117.705,24.456,1152.978758
20 Mar 2024 12:47:00.000,153.860,19.742,1319.761642
21 Mar 2024 07:38:00.000,345.408,26.901,1088.693809
02 Mar 2024 18:39:00.000,2.242,40.602,817.273275
22 Mar 2024 05:56:00.000,46.043,23.247,1197.410557
27 Mar 2024 09:05:00.000,119.086,15.725,1500.126711
04 Mar 2024 20:12:00.000,262.778,11.749,1721.331759
15 Mar 2024 14:43:00.000,146.768,21.933,1237.627648
19 Mar 2024 12:44:00.000,292.994,13.644,1614.915030
14 Mar 2024 13:00:00.000,326.290,19.068,1354.087415
08 Mar 2024 16:45:00.000,107.265,15.235,1524.372727
10 Mar 2024 14:54:00.000,7.021,33.299,939.997125
05 Mar 2024 16:48:00.000,326.110,19.055,1353.527212
10 Mar 2024 18:18:00.000,202.131,7.659,1999.994490
17 Mar 2024 11:14:00.000,49.089,18.179,1391.269075
30 Mar 2024 07:14:00.000,81.363,35.166,902.903069
07 Mar 2024 16:49:00.000,99.960,8.002,1979.652621
19 Mar 2024 09:28:00.000,49.525,11.309,1756.159370
18 Mar 2024 14:31:00.000,226.595,15.681,1501.368605
20 Mar 2024 05:56:00.000,232.257,13.493,1616.116382
29 Mar 2024 07:12:00.000,312.448,13.274,1635.576344
25 Mar 2024 07:26:00.000,344.663,21.621,1254.515751
26 Mar 2024 10:45:00.000,240.899,22.172,1230.833849
28 Mar 2024 03:58:00.000,40.024,18.695,1367.241741
23 Mar 2024 12:38:00.000,187.897,7.679,1999.988098
08 Mar 2024 14:59:00.000,345.680,22.910,1210.044488
18 Mar 2024 06:10:00.000,74.689,7.798,1999.997498
12 Mar 2024 09:50:00.000,58.567,7.834,1999.973732
03 Mar 2024 11:55:00.000,98.714,12.670,1668.009310
22 Mar 2024 10:58:00.000,73.295,68.828,596.767203
28 Mar 2024 07:18:00.000,7.308,32.684,951.825019
03 Mar 2024 11:56:00.000,87.117,7.786,1999.999996
14 Mar 2024 09:40:00.000,0.413,39.952,827.948002
11 Mar 2024 11:31:00.000,26.582,22.473,1225.302430
26 Mar 2024 02:21:00.000,135.656,22.280,1223.852240
01 Mar 2024 22:05:00.000,209.287,8.493,1935.861231
16 Mar 2024 11:19:00.000,63.384,7.824,1999.986293
07 Mar 2024 13:18:00.000,282.578,7.805,1999.986542
07 Mar 2024 16:45:00.000,45.598,45.662,754.473975
22 Mar 2024 11:01:00.000,112.740,15.668,1503.743395
11 Mar 2024 13:14:00.000,60.768,7.822,1999.986577
09 Mar 2024 13:14:00.000,316.955,17.256,1432.905435
04 Mar 2024 13:35:00.000,55.125,7.827,1999.982836
14 Mar 2024 11:22:00.000,19.649,20.774,1286.825962
25 Mar 2024 05:42:00.000,288.897,12.733,1664.719729
14 Mar 2024 11:24:00.000,47.608,11.492,1744.765235
24 Mar 2024 05:46:00.000,288.775,19.523,1331.689269
09 Mar 2024 11:33:00.000,283.534,32.030,964.951612
22 Mar 2024 09:17:00.000,8.840,26.537,1099.109876
21 Mar 2024 07:39:00.000,9.947,24.883,1146.859196
16 Mar 2024 09:32:00.000,317.072,24.781,1149.744380
04 Mar 2024 20:14:00.000,232.518,18.315,1377.546324
24 Mar 2024 04:09:00.000,83.154,37.533,862.026487
21 Mar 2024 09:17:00.000,316.155,12.427,1686.799253
19 Mar 2024 07:43:00.000,326.458,36.855,875.170680
19 Mar 2024 12:52:00.000,131.559,8.701,1925.691836
09 Mar 2024 14:53:00.000,309.344,7.838,1999.978404
18 Mar 2024 07:50:00.000,49.699,13.847,1604.624287
29 Mar 2024 02:11:00.000,206.389,59.573,638.065398
10 Mar 2024 13:16:00.000,49.811,11.252,1759.502798
18 Mar 2024 11:14:00.000,77.234,7.803,1999.984310
23 Mar 2024 07:34:00.000,35.949,16.303,1477.475653
12 Mar 2024 16:28:00.000,246.760,24.759,1146.488040
09 Mar 2024 11:38:00.000,49.605,13.712,1612.474890
19 Mar 2024 09:21:00.000,301.454,7.824,1999.996127
28 Mar 2024 10:40:00.000,212.101,9.592,1860.770122
30 Mar 2024 00:28:00.000,147.235,17.703,1401.981211
19 Mar 2024 06:01:00.000,200.629,32.705,947.588196
06 Mar 2024 15:02:00.000,303.837,7.830,1999.986321
22 Mar 2024 09:18:00.000,33.014,24.462,1159.710221
03 Mar 2024 15:15:00.000,10.568,24.549,1156.920540
04 Mar 2024 18:37:00.000,113.960,15.626,1503.204063
07 Mar 2024 16:46:00.000,75.812,32.795,947.955959
13 Mar 2024 08:00:00.000,185.402,18.445,1372.503598
31 Mar 2024 03:47:00.000,352.040,24.439,1158.604093
14 Mar 2024 16:21:00.000,259.635,7.755,1999.995396
20 Mar 2024 09:22:00.000,4.824,22.905,1210.556989
23 Mar 2024 09:18:00.000,78.257,10.030,1837.941086
03 Mar 2024 20:18:00.000,196.852,25.468,1122.084344
13 Mar 2024 11:26:00.000,44.051,12.295,1695.332576
22 Mar 2024 09:14:00.000,316.767,12.597,1676.597378
05 Mar 2024 11:51:00.000,70.877,7.812,1999.990110
29 Mar 2024 07:14:00.000,335.162,30.052,1008.701338
22 Mar 2024 04:11:00.000,184.488,18.269,1378.094576
22 Mar 2024 04:13:00.000,143.217,27.427,1069.006157
27 Mar 2024 05:41:00.000,17.079,21.378,1262.770314
27 Mar 2024 08:59:00.000,300.812,22.256,1230.742663
17 Mar 2024 12:58:00.000,109.683,7.744,1999.983384
19 Mar 2024 11:03:00.000,315.077,13.054,1650.145004
24 Mar 2024 10:56:00.000,136.687,7.708,1999.978658
21 Mar 2024 12:38:00.000,275.463,12.731,1665.758844
20 Mar 2024 04:22:00.000,103.100,8.155,1968.145797
19 Mar 2024 12:50:00.000,137.904,23.896,1172.813679
12 Mar 2024 13:08:00.000,7.643,24.238,1167.279068
21 Mar 2024 09:21:00.000,29.785,21.941,1243.514479
18 Mar 2024 14:32:00.000,209.640,15.009,1534.375331
20 Mar 2024 07:44:00.000,39.646,15.864,1499.070003
06 Mar 2024 16:43:00.000,308.118,7.828,1999.970329
23 Mar 2024 10:52:00.000,295.298,22.192,1233.245026
25 Mar 2024 07:25:00.000,327.319,17.241,1432.797217
28 Mar 2024 07:21:00.000,73.398,16.764,1452.915534
31 Mar 2024 07:11:00.000,102.262,41.021,810.525854
20 Mar 2024 09:19:00.000,313.786,12.243,1697.824822
29 Mar 2024 02:12:00.000,104.881,67.371,600.508368
28 Mar 2024 05:40:00.000,49.267,11.312,1754.437509
24 Mar 2024 07:30:00.000,2.910,22.658,1218.337363
29 Mar 2024 07:18:00.000,82.267,19.533,1331.443456
12 Mar 2024 14:46:00.000,313.264,21.495,1258.899827
31 Mar 2024 00:22:00.000,194.443,12.476,1670.126971
14 Mar 2024 07:58:00.000,161.026,40.130,822.534666
01 Mar 2024 20:23:00.000,253.960,54.638,671.231911
11 Mar 2024 08:08:00.000,130.195,12.291,1687.574520
29 Mar 2024 07:13:00.000,320.504,20.494,1295.415232
09 Mar 2024 15:01:00.000,75.483,9.356,1884.153834
25 Mar 2024 10:49:00.000,195.367,33.059,941.313178
05 Mar 2024 15:11:00.000,36.285,16.252,1479.690522
14 Mar 2024 13:01:00.000,343.047,25.937,1116.232529
28 Mar 2024 03:57:00.000,26.400,27.300,1076.365702
11 Mar 2024 09:48:00.000,100.024,69.579,594.027055
09 Mar 2024 11:35:00.000,359.875,45.302,759.765985
16 Mar 2024 06:15:00.000,96.632,8.823,1920.521773
20 Mar 2024 10:59:00.000,307.359,7.836,1999.999283
24 Mar 2024 04:07:00.000,186.203,53.903,676.462583
26 Mar 2024 03:58:00.000,251.088,13.539,1613.881395
22 Mar 2024 09:21:00.000,73.178,7.808,1999.996946
14 Mar 2024 12:58:00.000,309.216,7.842,1999.991678
31 Mar 2024 02:04:00.000,271.492,33.835,925.538105
24 Mar 2024 09:09:00.000,322.774,19.981,1316.353943
09 Mar 2024 14:54:00.000,316.486,12.743,1668.222906
29 Mar 2024 08:58:00.000,152.933,19.951,1311.212752
10 Mar 2024 13:10:00.000,310.291,12.287,1695.474826
11 Mar 2024 11:29:00.000,337.418,30.684,995.530930
10 Mar 2024 13:14:00.000,22.206,20.439,1299.348155
16 Mar 2024 06:13:00.000,122.854,14.544,1560.052691
07 Mar 2024 13:22:00.000,342.120,28.439,1048.855094
03 Mar 2024 18:38:00.000,84.029,36.006,887.178529
04 Mar 2024 20:11:00.000,272.266,7.752,1999.992911
02 Mar 2024 20:21:00.000,194.034,38.786,840.374806
31 Mar 2024 03:44:00.000,300.546,12.318,1689.277466
21 Mar 2024 04:20:00.000,88.641,8.042,1978.567419
29 Mar 2024 05:32:00.000,325.945,17.056,1440.301475
18 Mar 2024 09:29:00.000,17.261,21.343,1265.517565
15 Mar 2024 06:17:00.000,111.569,7.737,2000.000111
01 Mar 2024 18:45:00.000,74.631,17.034,1438.555502
15 Mar 2024 09:32:00.000,273.812,7.784,2000.000007
23 Mar 2024 10:51:00.000,296.776,13.711,1611.151295
26 Mar 2024 09:07:00.000,101.433,24.123,1167.167910
07 Mar 2024 10:02:00.000,108.480,12.423,1681.973545
18 Mar 2024 07:51:00.000,53.959,7.834,1999.986755
24 Mar 2024 10:48:00.000,289.349,13.497,1622.539173
16 Mar 2024 09:30:00.000,289.270,12.673,1670.228714
26 Mar 2024 04:05:00.000,54.352,15.300,1525.039189
25 Mar 2024 10:51:00.000,159.651,17.123,1431.404285
07 Mar 2024 10:03:00.000,96.759,9.099,1901.482068
07 Mar 2024 18:28:00.000,160.810,16.580,1454.484827
21 Mar 2024 12:43:00.000,177.478,20.499,1290.011630
30 Mar 2024 08:51:00.000,265.395,18.919,1355.724982
31 Mar 2024 02:09:00.000,51.975,14.705,1554.975503
13 Mar 2024 14:48:00.000,111.009,25.084,1136.970032
01 Mar 2024 18:42:00.000,7.264,33.507,934.689438
07 Mar 2024 18:24:00.000,254.010,27.620,1065.534729
11 Mar 2024 13:08:00.000,313.936,12.256,1697.603188
04 Mar 2024 15:12:00.000,15.153,22.052,1239.357343
02 Mar 2024 18:36:00.000,311.907,13.271,1635.644393
07 Mar 2024 15:01:00.000,327.395,17.253,1432.996615
25 Mar 2024 09:04:00.000,306.337,7.824,1999.982258
14 Mar 2024 16:22:00.000,248.229,10.381,1809.744509
16 Mar 2024 14:34:00.000,280.040,13.123,1643.227856
06 Mar 2024 13:20:00.000,274.186,7.792,1999.970197
03 Mar 2024 18:42:00.000,105.254,7.716,1999.976677
08 Mar 2024 13:19:00.000,349.721,25.306,1134.657733
24 Mar 2024 09:15:00.000,85.750,11.734,1725.847456
06 Mar 2024 11:44:00.000,114.529,59.235,642.250042
01 Mar 2024 17:03:00.000,38.378,16.041,1489.016171
17 Mar 2024 11:12:00.000,8.305,25.254,1136.329840
10 Mar 2024 14:58:00.000,82.368,10.992,1772.481550
25 Mar 2024 10:52:00.000,152.099,10.902,1772.647388
19 Mar 2024 09:23:00.000,322.289,17.024,1443.503590
08 Mar 2024 18:18:00.000,277.405,7.774,1999.991343
13 Mar 2024 11:19:00.000,293.292,7.821,1999.994036
08 Mar 2024 15:04:00.000,69.624,8.103,1976.714257
19 Mar 2024 14:26:00.000,250.176,7.746,1999.994540
22 Mar 2024 09:19:00.000,51.492,19.184,1348.245795
18 Mar 2024 06:07:00.000,120.248,31.502,973.753768
27 Mar 2024 04:01:00.000,43.334,21.714,1249.357394
14 Mar 2024 11:17:00.000,299.131,7.829,1999.996676
13 Mar 2024 09:40:00.000,263.213,21.412,1259.368752
28 Mar 2024 08:55:00.000,293.449,13.587,1617.041257
06 Mar 2024 13:29:00.000,51.177,7.833,1999.980978
24 Mar 2024 10:56:00.000,136.886,8.103,1969.799217
16 Mar 2024 11:15:00.000,6.403,23.429,1193.388660
20 Mar 2024 11:06:00.000,82.897,19.712,1325.124617
18 Mar 2024 12:50:00.000,302.588,62.970,622.186823
14 Mar 2024 11:20:00.000,337.063,21.344,1265.546248
26 Mar 2024 04:03:00.000,41.398,39.454,833.313235
30 Mar 2024 03:49:00.000,345.102,27.061,1082.650901
30 Mar 2024 03:53:00.000,49.283,8.831,1923.273999
11 Mar 2024 14:51:00.000,2.527,40.330,822.191955
19 Mar 2024 12:46:00.000,281.698,35.038,906.115495
14 Mar 2024 09:42:00.000,41.012,19.973,1317.169402
31 Mar 2024 07:14:00.000,113.597,9.144,1894.931315
18 Mar 2024 12:52:00.000,118.819,42.524,791.153536
27 Mar 2024 09:01:00.000,305.621,63.252,620.486015
18 Mar 2024 07:42:00.000,259.639,7.749,1999.983541
19 Mar 2024 12:45:00.000,289.428,21.924,1242.585257
29 Mar 2024 05:34:00.000,4.755,22.829,1211.572745
01 Mar 2024 18:39:00.000,314.862,13.030,1649.633717
08 Mar 2024 13:23:00.000,50.795,8.133,1977.190301
13 Mar 2024 13:01:00.000,309.195,7.842,1999.999723
31 Mar 2024 08:51:00.000,196.179,17.263,1424.275022
30 Mar 2024 07:17:00.000,103.403,8.397,1950.707652
08 Mar 2024 11:37:00.000,288.184,55.733,665.435721
25 Mar 2024 04:01:00.000,238.464,13.591,1609.914259
20 Mar 2024 04:21:00.000,115.144,10.581,1795.105362
23 Mar 2024 10:50:00.000,297.555,7.821,1999.991301
21 Mar 2024 04:13:00.000,187.968,7.645,1999.987153
13 Mar 2024 11:20:00.000,301.376,12.368,1689.906804
11 Mar 2024 14:48:00.000,312.046,13.291,1636.083094
19 Mar 2024 07:42:00.000,298.751,28.980,1033.825328
09 Mar 2024 09:54:00.000,151.817,33.964,924.231339
16 Mar 2024 11:16:00.000,27.855,21.246,1269.001954
08 Mar 2024 09:53:00.000,196.615,7.686,1999.999658
11 Mar 2024 08:05:00.000,170.566,7.678,1999.986116
19 Mar 2024 07:46:00.000,39.972,18.526,1376.290938
23 Mar 2024 07:29:00.000,307.309,12.257,1695.682759
15 Mar 2024 14:41:00.000,189.531,48.823,720.860740
08 Mar 2024 11:42:00.000,56.725,7.833,1999.979119
23 Mar 2024 10:59:00.000,125.507,9.117,1896.492901
09 Mar 2024 18:22:00.000,182.953,8.828,1911.716696
22 Mar 2024 11:02:00.000,114.584,7.740,1999.995256
29 Mar 2024 08:56:00.000,193.017,41.213,807.290398
10 Mar 2024 11:28:00.000,269.529,7.784,1999.999559
31 Mar 2024 05:27:00.000,345.587,23.509,1188.651880
21 Mar 2024 09:18:00.000,328.180,17.512,1421.251284
06 Mar 2024 11:41:00.000,222.677,21.817,1242.942164
12 Mar 2024 14:45:00.000,307.980,13.525,1622.563577
25 Mar 2024 04:08:00.000,60.906,15.784,1500.276492
18 Mar 2024 12:48:00.000,300.230,22.164,1234.682924
21 Mar 2024 05:52:00.000,244.149,7.710,1999.977539
21 Mar 2024 12:39:00.000,264.776,18.699,1365.849251
13 Mar 2024 09:47:00.000,54.832,8.627,1940.429483
23 Mar 2024 07:36:00.000,54.266,7.829,1999.979771
26 Mar 2024 05:45:00.000,42.301,13.033,1650.114095
08 Mar 2024 09:56:00.000,158.973,21.620,1249.193468
17 Mar 2024 11:16:00.000,69.331,8.102,1978.042287
14 Mar 2024 11:21:00.000,358.583,22.963,1208.911885
22 Mar 2024 12:42:00.000,170.141,7.679,1999.993371
27 Mar 2024 09:06:00.000,119.476,9.229,1888.844253
30 Mar 2024 07:13:00.000,49.041,50.631,705.202907
31 Mar 2024 07:14:00.000,113.932,7.729,1999.996841
03 Mar 2024 13:34:00.000,48.182,41.426,806.809353
02 Mar 2024 20:25:00.000,144.045,7.652,1999.990480
04 Mar 2024 18:35:00.000,106.340,41.574,802.317874
25 Mar 2024 04:09:00.000,60.882,9.297,1889.089606
08 Mar 2024 11:40:00.000,49.438,24.320,1163.921072
04 Mar 2024 13:29:00.000,274.478,33.433,936.080996
14 Mar 2024 14:40:00.000,294.727,22.190,1233.289137
12 Mar 2024 13:04:00.000,307.999,7.841,1999.980615
27 Mar 2024 10:43:00.000,210.355,15.478,1510.627665
08 Mar 2024 09:54:00.000,188.466,12.199,1691.189554
26 Mar 2024 09:01:00.000,305.920,13.573,1619.017647
07 Mar 2024 09:57:00.000,180.701,7.683,1999.978350
26 Mar 2024 07:20:00.000,308.646,7.817,1999.990742
13 Mar 2024 09:38:00.000,254.941,7.754,1999.989417
11 Mar 2024 09:51:00.000,64.093,15.690,1506.839889
02 Mar 2024 15:21:00.000,47.949,10.066,1837.168447
15 Mar 2024 07:53:00.000,221.984,21.661,1247.691299
10 Mar 2024 09:50:00.000,201.729,32.983,943.139748
02 Mar 2024 11:54:00.000,159.851,10.389,1806.422292
05 Mar 2024 16:53:00.000,70.682,15.784,1499.702645
16 Mar 2024 12:57:00.000,45.736,45.047,762.168940
20 Mar 2024 06:05:00.000,63.008,7.814,1999.990761
14 Mar 2024 16:25:00.000,204.849,11.051,1761.855879
16 Mar 2024 07:57:00.000,60.620,9.389,1884.506855
04 Mar 2024 11:47:00.000,196.937,12.619,1666.479016
07 Mar 2024 18:22:00.000,279.669,13.037,1646.713779
11 Mar 2024 16:36:00.000,147.352,12.297,1684.348938
22 Mar 2024 09:13:00.000,309.162,7.832,1999.972693
16 Mar 2024 14:41:00.000,152.677,10.694,1785.495162
28 Mar 2024 07:20:00.000,60.027,24.044,1171.189412
16 Mar 2024 13:01:00.000,99.598,7.922,1987.581078
12 Mar 2024 11:30:00.000,49.466,8.758,1931.209706
23 Mar 2024 05:48:00.000,268.791,13.179,1636.972649
13 Mar 2024 09:42:00.000,301.219,50.226,709.484037
22 Mar 2024 04:10:00.000,195.516,12.499,1670.609273
22 Mar 2024 09:21:00.000,72.016,8.606,1939.887448
28 Mar 2024 09:03:00.000,130.900,8.799,1918.573322
30 Mar 2024 03:54:00.000,50.746,7.808,1999.990581
18 Mar 2024 12:49:00.000,300.789,36.230,885.666357
05 Mar 2024 13:25:00.000,277.656,20.495,1294.594602
08 Mar 2024 15:01:00.000,31.630,23.214,1199.331618
04 Mar 2024 11:49:00.000,169.068,24.785,1144.915493
05 Mar 2024 16:50:00.000,8.201,30.751,993.006678
13 Mar 2024 08:02:00.000,143.907,27.999,1055.673094
02 Mar 2024 20:24:00.000,147.832,12.200,1688.414798
24 Mar 2024 05:49:00.000,2.937,32.265,960.233117
03 Mar 2024 13:38:00.000,58.423,7.822,1999.972659
08 Mar 2024 11:35:00.000,256.060,21.825,1244.381117
16 Mar 2024 06:10:00.000,169.415,11.023,1763.142739
25 Mar 2024 02:27:00.000,96.376,8.437,1946.678689
27 Mar 2024 04:02:00.000,49.947,13.830,1603.640378
28 Mar 2024 02:15:00.000,120.645,46.396,744.148868
04 Mar 2024 13:31:00.000,0.613,51.976,694.549972
22 Mar 2024 07:38:00.000,44.007,12.284,1695.392726
09 Mar 2024 18:21:00.000,194.594,12.151,1691.870707
23 Mar 2024 04:10:00.000,159.842,39.397,831.808151
28 Mar 2024 05:37:00.000,0.646,22.687,1216.468035
05 Mar 2024 20:11:00.000,233.632,11.935,1706.819221
15 Mar 2024 07:55:00.000,188.503,54.542,672.778782
12 Mar 2024 11:26:00.000,345.786,26.761,1093.271801
22 Mar 2024 05:55:00.000,34.225,36.380,882.733367
15 Mar 2024 09:38:00.000,25.919,24.642,1154.584520
22 Mar 2024 07:32:00.000,301.136,12.416,1685.664910
21 Mar 2024 11:00:00.000,352.608,49.603,715.532932
30 Mar 2024 02:12:00.000,57.618,15.721,1502.478587
02 Mar 2024 20:20:00.000,233.298,39.895,824.717781
22 Mar 2024 09:20:00.000,63.815,13.553,1620.136901
12 Mar 2024 09:42:00.000,245.853,13.573,1614.517303
01 Mar 2024 20:28:00.000,132.193,7.666,1999.990023
04 Mar 2024 15:07:00.000,293.547,7.816,1999.994055
16 Mar 2024 07:56:00.000,60.507,15.907,1495.973994
20 Mar 2024 07:45:00.000,47.855,10.226,1827.294618
04 Mar 2024 13:34:00.000,51.293,14.550,1566.020816
29 Mar 2024 00:30:00.000,156.613,10.037,1825.601216
20 Mar 2024 07:37:00.000,277.901,7.778,1999.989970
06 Mar 2024 13:25:00.000,3.522,31.635,974.545537
12 Mar 2024 11:25:00.000,322.263,23.730,1183.083386
07 Mar 2024 15:05:00.000,44.732,16.711,1457.296653
01 Mar 2024 20:21:00.000,288.442,21.856,1242.615935
29 Mar 2024 08:57:00.000,165.865,29.985,1006.720145
10 Mar 2024 13:12:00.000,340.006,21.208,1270.495068
10 Mar 2024 16:32:00.000,292.644,13.605,1616.279657
28 Mar 2024 05:39:00.000,37.801,16.074,1487.570585
10 Mar 2024 11:36:00.000,47.743,11.906,1718.880149
11 Mar 2024 08:07:00.000,145.210,12.040,1701.621925
04 Mar 2024 18:34:00.000,78.678,70.132,591.078320
21 Mar 2024 11:05:00.000,104.009,8.433,1948.882816
16 Mar 2024 07:57:00.000,60.657,7.827,1999.985327
08 Mar 2024 13:17:00.000,309.641,17.784,1408.632496
05 Mar 2024 13:31:00.000,48.322,12.819,1663.217515
03 Mar 2024 15:12:00.000,305.567,18.149,1391.757008
14 Mar 2024 09:41:00.000,27.449,29.612,1020.163900
03 Mar 2024 13:29:00.000,246.343,13.598,1613.353858
17 Mar 2024 07:53:00.000,54.003,15.360,1523.799681
04 Mar 2024 13:35:00.000,54.741,8.556,1944.893590
23 Mar 2024 04:08:00.000,202.949,20.384,1292.493337
26 Mar 2024 10:47:00.000,196.762,21.547,1251.346897
05 Mar 2024 16:52:00.000,57.589,22.516,1221.136856
11 Mar 2024 16:32:00.000,233.523,40.506,817.239052
11 Mar 2024 14:54:00.000,83.315,19.916,1316.218887
17 Mar 2024 12:55:00.000,92.527,38.872,842.288536
07 Mar 2024 10:00:00.000,140.173,15.531,1509.004365
02 Mar 2024 11:59:00.000,100.085,7.764,1999.996908
11 Mar 2024 11:33:00.000,50.795,7.841,1999.989870
06 Mar 2024 15:10:00.000,58.433,7.814,1999.999873
11 Mar 2024 13:09:00.000,326.185,17.093,1440.819362
01 Mar 2024 20:28:00.000,132.498,8.531,1934.671776
21 Mar 2024 10:58:00.000,313.668,21.499,1258.891230
10 Mar 2024 14:53:00.000,340.649,27.266,1079.027353
21 Mar 2024 12:45:00.000,157.412,8.991,1902.774875
28 Mar 2024 05:35:00.000,321.960,16.984,1443.560049
17 Mar 2024 06:05:00.000,195.974,7.663,1999.992346
11 Mar 2024 11:32:00.000,39.643,15.782,1503.679420
03 Mar 2024 18:33:00.000,307.811,13.530,1620.661998
21 Mar 2024 10:56:00.000,304.960,7.832,1999.992514
29 Mar 2024 00:32:00.000,128.100,11.552,1729.074152
22 Mar 2024 12:35:00.000,273.222,7.787,1999.995065
29 Mar 2024 03:51:00.000,310.715,26.161,1106.657034
31 Mar 2024 05:24:00.000,309.111,7.802,1999.983787
03 Mar 2024 11:54:00.000,112.598,16.567,1460.150219
28 Mar 2024 07:22:00.000,81.572,10.811,1784.560783
02 Mar 2024 11:58:00.000,103.909,8.787,1922.850107
04 Mar 2024 13:28:00.000,263.825,21.423,1259.131587
02 Mar 2024 15:16:00.000,312.573,25.892,1116.293421
02 Mar 2024 20:22:00.000,168.027,28.586,1038.235855
18 Mar 2024 11:08:00.000,344.596,24.710,1152.644981
22 Mar 2024 04:17:00.000,79.794,8.597,1938.098828
20 Mar 2024 09:26:00.000,60.516,7.828,1999.986563
23 Mar 2024 12:32:00.000,260.486,7.765,1999.997165
13 Mar 2024 14:46:00.000,77.176,69.231,595.059435
06 Mar 2024 13:27:00.000,39.447,16.993,1444.861591
17 Mar 2024 09:32:00.000,12.618,23.298,1197.516956
10 Mar 2024 13:09:00.000,301.673,7.833,1999.996230
09 Mar 2024 16:37:00.000,299.943,36.448,881.224616
20 Mar 2024 06:01:00.000,72.711,41.241,808.311724
19 Mar 2024 11:02:00.000,308.850,7.839,1999.982904
03 Mar 2024 16:54:00.000,328.124,17.497,1421.182052
13 Mar 2024 16:29:00.000,182.266,12.412,1676.811660
31 Mar 2024 00:28:00.000,87.648,13.240,1632.043834
20 Mar 2024 07:43:00.000,26.576,22.612,1219.944853
22 Mar 2024 12:40:00.000,196.200,16.771,1447.618717
28 Mar 2024 10:38:00.000,239.355,9.544,1866.392449
05 Mar 2024 20:13:00.000,204.426,10.719,1781.484061
10 Mar 2024 16:40:00.000,131.781,7.689,1999.999987
05 Mar 2024 20:09:00.000,258.958,7.729,1999.983495
25 Mar 2024 07:23:00.000,306.718,7.816,1999.992043
27 Mar 2024 02:22:00.000,75.095,7.768,1999.999471
15 Mar 2024 09:36:00.000,331.948,33.422,937.756252
03 Mar 2024 20:16:00.000,246.410,24.434,1154.909150
02 Mar 2024 18:38:00.000,333.838,30.439,999.318061
17 Mar 2024 09:29:00.000,309.302,17.821,1406.701466
17 Mar 2024 09:28:00.000,297.620,12.486,1682.046142
09 Mar 2024 16:35:00.000,299.598,13.747,1608.869500
16 Mar 2024 06:09:00.000,179.933,7.662,1999.988583
08 Mar 2024 11:36:00.000,263.841,34.906,908.157777
09 Mar 2024 14:57:00.000,8.826,28.515,1046.632059
24 Mar 2024 10:49:00.000,283.939,21.438,1259.479854
29 Mar 2024 05:31:00.000,313.654,12.235,1696.226707
09 Mar 2024 18:18:00.000,242.345,13.993,1589.294921
27 Mar 2024 03:57:00.000,281.746,32.330,956.428153
09 Mar 2024 18:16:00.000,266.597,7.756,1999.987746
10 Mar 2024 18:17:00.000,210.132,8.800,1915.140479
21 Mar 2024 12:40:00.000,247.727,25.017,1139.501592
07 Mar 2024 16:42:00.000,316.594,21.005,1276.418394
25 Mar 2024 04:07:00.000,61.087,25.463,1127.009431
21 Mar 2024 07:37:00.000,321.803,23.805,1179.757194
28 Mar 2024 05:41:00.000,55.853,7.814,2000.000024
23 Mar 2024 10:56:00.000,132.855,41.458,804.793439
31 Mar 2024 08:53:00.000,169.169,7.673,1999.991291
28 Mar 2024 08:59:00.000,179.211,61.145,630.619581
09 Mar 2024 14:59:00.000,54.538,20.753,1285.582757
05 Mar 2024 15:05:00.000,299.343,7.824,1999.996690
18 Mar 2024 09:32:00.000,52.970,7.838,1999.999826
27 Mar 2024 08:58:00.000,300.254,13.732,1609.589461
06 Mar 2024 13:22:00.000,289.971,19.517,1333.844402
15 Mar 2024 13:00:00.000,39.893,35.216,903.793441
02 Mar 2024 15:14:00.000,285.361,12.860,1658.774722
09 Mar 2024 13:19:00.000,45.868,11.775,1726.756814
20 Mar 2024 04:17:00.000,169.530,7.650,1999.986431
31 Mar 2024 07:10:00.000,70.899,67.557,600.961556
02 Mar 2024 13:31:00.000,234.282,7.727,1999.978723
16 Mar 2024 14:35:00.000,270.738,19.861,1318.591248
12 Mar 2024 16:32:00.000,165.553,13.909,1591.270851
07 Mar 2024 18:25:00.000,227.110,33.658,928.903424
18 Mar 2024 12:54:00.000,119.873,15.812,1495.879557
20 Mar 2024 09:25:00.000,53.755,11.448,1746.984921
23 Mar 2024 09:11:00.000,315.955,12.835,1662.365778
12 Mar 2024 08:08:00.000,87.527,7.788,1999.981051
03 Mar 2024 17:00:00.000,66.840,7.790,1999.999802
14 Mar 2024 13:02:00.000,8.395,30.590,997.614368
03 Mar 2024 16:52:00.000,308.064,7.826,2000.000077
06 Mar 2024 11:40:00.000,226.371,13.545,1614.860027
15 Mar 2024 09:35:00.000,305.535,27.305,1077.373479
29 Mar 2024 03:57:00.000,50.866,7.809,1999.989867
05 Mar 2024 11:48:00.000,94.572,29.221,1027.373534
02 Mar 2024 16:56:00.000,314.139,12.285,1694.576945
09 Mar 2024 11:32:00.000,270.746,21.075,1272.461010
30 Mar 2024 07:15:00.000,93.783,22.675,1214.242050
08 Mar 2024 16:38:00.000,305.385,13.560,1619.728623
07 Mar 2024 16:41:00.000,310.040,13.366,1631.038503
18 Mar 2024 12:55:00.000,120.121,9.289,1884.541570
24 Mar 2024 02:26:00.000,155.515,7.645,1999.993899
15 Mar 2024 11:17:00.000,341.777,21.170,1272.054875
21 Mar 2024 11:04:00.000,100.550,14.409,1569.911725
20 Mar 2024 05:59:00.000,209.385,60.169,635.749182
14 Mar 2024 14:43:00.000,161.152,69.482,593.786276
28 Mar 2024 02:14:00.000,170.294,46.058,747.189157
27 Mar 2024 02:16:00.000,176.603,27.068,1077.001090
20 Mar 2024 06:03:00.000,64.463,15.623,1509.099296
24 Mar 2024 04:12:00.000,65.949,8.657,1935.032618
11 Mar 2024 11:27:00.000,295.301,19.052,1353.340930
28 Mar 2024 02:16:00.000,90.918,32.806,946.072947
07 Mar 2024 13:25:00.000,40.343,14.603,1563.960138
27 Mar 2024 07:20:00.000,344.562,24.520,1157.423666
12 Mar 2024 08:01:00.000,188.745,7.675,1999.986634
06 Mar 2024 18:28:00.000,242.386,47.314,735.376222
06 Mar 2024 16:51:00.000,86.524,11.910,1713.121562
16 Mar 2024 12:54:00.000,316.981,21.086,1274.364987
16 Mar 2024 07:49:00.000,239.172,13.560,1613.917995
31 Mar 2024 05:32:00.000,72.722,7.787,1999.987430
17 Mar 2024 06:13:00.000,82.801,7.786,1999.998392
29 Mar 2024 02:15:00.000,64.915,15.514,1512.484321
26 Mar 2024 05:39:00.000,297.119,12.432,1683.238045
13 Mar 2024 13:05:00.000,8.817,26.699,1094.845596
17 Mar 2024 09:33:00.000,30.432,18.298,1386.835680
20 Mar 2024 04:20:00.000,129.264,11.960,1705.912188
16 Mar 2024 09:29:00.000,282.228,7.797,1999.999677
16 Mar 2024 13:00:00.000,95.473,13.617,1613.539375
24 Mar 2024 07:29:00.000,341.544,21.137,1272.224236
31 Mar 2024 05:28:00.000,8.967,26.317,1103.766320
13 Mar 2024 11:25:00.000,32.200,17.397,1426.959717
13 Mar 2024 13:08:00.000,64.090,13.648,1614.601524
31 Mar 2024 07:09:00.000,329.169,59.620,639.788757
07 Mar 2024 09:58:00.000,170.182,11.129,1757.795026
11 Mar 2024 16:35:00.000,154.387,19.347,1334.372494
07 Mar 2024 11:39:00.000,240.305,36.322,882.629447
12 Mar 2024 11:22:00.000,286.294,7.811,1999.990283
18 Mar 2024 14:34:00.000,182.886,9.143,1890.961726
08 Mar 2024 11:33:00.000,250.087,7.752,1999.990600
31 Mar 2024 07:13:00.000,111.935,15.560,1508.254566
26 Mar 2024 07:26:00.000,48.825,18.054,1395.867911
21 Mar 2024 06:00:00.000,57.208,15.761,1502.647045
02 Mar 2024 13:35:00.000,213.700,61.067,631.396366
20 Mar 2024 05:57:00.000,230.292,21.901,1238.623781
31 Mar 2024 08:48:00.000,251.774,16.162,1478.777584
23 Mar 2024 05:55:00.000,52.885,7.824,1999.990310
27 Mar 2024 09:02:00.000,109.241,74.192,579.545972
19 Mar 2024 14:29:00.000,200.720,7.680,1999.999779
27 Mar 2024 02:14:00.000,202.784,12.874,1647.736727
21 Mar 2024 04:16:00.000,148.267,18.109,1385.971887
16 Mar 2024 09:34:00.000,7.617,26.697,1094.933796
21 Mar 2024 12:37:00.000,282.254,7.802,1999.989566
04 Mar 2024 15:15:00.000,52.044,7.822,1999.999200
24 Mar 2024 09:12:00.000,39.857,34.754,911.995929
30 Mar 2024 00:27:00.000,164.170,15.215,1519.667436
28 Mar 2024 05:36:00.000,339.249,21.152,1270.735464
02 Mar 2024 13:37:00.000,70.748,41.569,804.453643
17 Mar 2024 06:12:00.000,88.516,10.999,1771.783408
28 Mar 2024 02:10:00.000,221.201,7.651,1999.976046
19 Mar 2024 06:02:00.000,171.652,47.003,738.487923
11 Mar 2024 14:52:00.000,42.579,39.798,829.393287
12 Mar 2024 09:41:00.000,244.672,7.738,1999.978631
17 Mar 2024 07:49:00.000,286.274,56.005,663.103152
05 Mar 2024 11:50:00.000,74.615,12.499,1680.477404
02 Mar 2024 11:57:00.000,116.335,11.228,1754.850092
19 Mar 2024 09:22:00.000,309.971,12.235,1698.090467
15 Mar 2024 12:57:00.000,322.462,20.002,1316.108786
08 Mar 2024 13:15:00.000,290.075,7.817,1999.984653
22 Mar 2024 07:37:00.000,32.189,17.401,1426.094947
23 Mar 2024 12:33:00.000,249.128,10.493,1803.140345
18 Mar 2024 09:31:00.000,45.671,11.832,1723.536431
30 Mar 2024 05:30:00.000,345.429,22.052,1238.148238
22 Mar 2024 05:52:00.000,272.653,33.626,931.082679
01 Mar 2024 16:59:00.000,322.619,16.983,1444.495213
15 Mar 2024 09:37:00.000,3.144,31.951,967.964354
12 Mar 2024 09:46:00.000,20.500,69.905,593.240302
15 Mar 2024 14:38:00.000,283.280,21.396,1260.996883
16 Mar 2024 06:15:00.000,93.682,7.768,1999.988393
18 Mar 2024 09:24:00.000,296.221,7.817,2000.000056
18 Mar 2024 07:45:00.000,282.550,32.036,964.104947
12 Mar 2024 09:50:00.000,58.271,9.311,1890.570227
18 Mar 2024 07:44:00.000,270.023,21.011,1273.832765
19 Mar 2024 11:04:00.000,324.827,19.579,1333.032721
06 Mar 2024 18:30:00.000,159.762,33.587,929.551523
28 Mar 2024 07:15:00.000,315.091,12.931,1655.713484
02 Mar 2024 18:35:00.000,307.184,7.814,1999.997919
13 Mar 2024 09:39:00.000,258.021,13.429,1623.683374
15 Mar 2024 13:04:00.000,90.286,7.776,1999.989694
06 Mar 2024 11:48:00.000,65.143,7.821,1999.984151
05 Mar 2024 13:27:00.000,320.293,40.137,824.906403
10 Mar 2024 11:30:00.000,283.817,20.062,1311.896283
20 Mar 2024 07:39:00.000,294.828,19.104,1350.097931
30 Mar 2024 07:17:00.000,103.758,7.747,1999.979273
08 Mar 2024 09:55:00.000,176.370,17.195,1428.173292
18 Mar 2024 07:46:00.000,311.177,45.254,759.463566
25 Mar 2024 05:47:00.000,27.498,20.957,1278.365009
04 Mar 2024 16:52:00.000,345.381,23.801,1180.041597
19 Mar 2024 14:29:00.000,211.060,9.172,1890.179705
13 Mar 2024 14:45:00.000,325.172,60.951,632.745151
04 Mar 2024 16:56:00.000,64.387,13.659,1612.382034
22 Mar 2024 07:31:00.000,292.956,7.800,1999.993857
06 Mar 2024 16:48:00.000,40.108,35.518,897.465846
08 Mar 2024 18:26:00.000,163.700,7.649,1999.998364
18 Mar 2024 11:10:00.000,34.793,26.361,1103.905739
05 Mar 2024 18:34:00.000,127.779,15.469,1510.114121
30 Mar 2024 00:25:00.000,187.003,7.620,1999.987710
01 Mar 2024 18:38:00.000,308.758,7.815,1999.983171
10 Mar 2024 16:38:00.000,138.752,23.740,1176.589219
14 Mar 2024 14:39:00.000,296.412,13.718,1610.858944
19 Mar 2024 09:26:00.000,21.819,20.489,1297.452872
11 Mar 2024 08:09:00.000,115.851,10.960,1772.053353
12 Mar 2024 13:06:00.000,328.100,17.500,1422.230820
29 Mar 2024 03:54:00.000,26.391,22.844,1210.314546
22 Mar 2024 11:02:00.000,114.265,9.217,1890.606149
20 Mar 2024 07:40:00.000,311.554,26.097,1110.247101
05 Mar 2024 13:29:00.000,27.104,29.489,1022.823544
20 Mar 2024 12:48:00.000,146.852,12.560,1670.167538
13 Mar 2024 09:46:00.000,51.442,14.651,1561.245317
17 Mar 2024 11:13:00.000,31.337,23.142,1202.416087
05 Mar 2024 16:47:00.000,315.812,12.857,1660.749366
01 Mar 2024 20:20:00.000,292.351,13.618,1613.748583
05 Mar 2024 15:10:00.000,19.892,20.714,1288.263153
04 Mar 2024 16:54:00.000,33.411,24.715,1150.819380
23 Mar 2024 10:55:00.000,157.962,70.453,590.665566
11 Mar 2024 11:30:00.000,5.607,28.886,1038.005291
22 Mar 2024 12:41:00.000,182.181,12.805,1654.859810
06 Mar 2024 13:28:00.000,47.587,10.977,1777.297916
26 Mar 2024 04:04:00.000,50.355,24.456,1157.705347
31 Mar 2024 02:02:00.000,256.710,13.431,1619.506769
15 Mar 2024 14:39:00.000,271.834,33.084,942.669293
24 Mar 2024 10:52:00.000,188.996,49.917,710.864840
16 Mar 2024 07:50:00.000,239.231,22.053,1234.557426
27 Mar 2024 05:39:00.000,333.605,21.736,1249.352766
10 Mar 2024 16:33:00.000,288.896,21.846,1244.545138
10 Mar 2024 14:52:00.000,324.478,19.519,1335.146668
20 Mar 2024 11:04:00.000,42.629,39.268,837.550964
04 Mar 2024 20:16:00.000,195.940,15.946,1484.287552
06 Mar 2024 15:06:00.000,3.522,22.679,1217.814692
13 Mar 2024 08:01:00.000,168.264,24.536,1152.031250
16 Mar 2024 12:58:00.000,75.427,32.409,956.860937
19 Mar 2024 06:04:00.000,90.165,33.363,936.590866
15 Mar 2024 12:59:00.000,5.236,36.327,884.742511
01 Mar 2024 17:05:00.000,56.395,7.804,1999.987175
05 Mar 2024 11:45:00.000,190.278,30.674,991.733933
13 Mar 2024 16:24:00.000,263.302,11.817,1719.024196
13 Mar 2024 14:42:00.000,302.779,13.730,1610.651795
21 Mar 2024 05:56:00.000,264.767,61.147,630.673201
09 Mar 2024 09:58:00.000,74.363,7.811,1999.982256
16 Mar 2024 07:52:00.000,238.757,62.909,621.767465
18 Mar 2024 06:02:00.000,209.590,7.670,1999.991386
18 Mar 2024 14:30:00.000,242.983,14.196,1579.763591
18 Mar 2024 06:10:00.000,77.685,10.611,1798.322667
29 Mar 2024 02:08:00.000,231.463,13.456,1615.994676
16 Mar 2024 12:53:00.000,310.275,13.443,1627.625302
30 Mar 2024 00:29:00.000,128.561,17.737,1401.559287
09 Mar 2024 16:40:00.000,120.203,42.197,794.497323
16 Mar 2024 11:12:00.000,315.178,12.309,1694.404472
08 Mar 2024 11:41:00.000,53.786,15.249,1529.791869
22 Mar 2024 05:50:00.000,257.425,13.419,1622.297119
12 Mar 2024 13:11:00.000,58.743,12.231,1697.721588
28 Mar 2024 03:51:00.000,268.556,7.733,1999.978613
10 Mar 2024 14:55:00.000,38.086,31.792,970.422118
10 Mar 2024 16:31:00.000,294.744,7.813,1999.975580
10 Mar 2024 13:11:00.000,322.655,17.072,1441.627037
12 Mar 2024 13:07:00.000,345.412,22.195,1235.047053
12 Mar 2024 13:09:00.000,29.780,22.072,1238.963746
21 Mar 2024 11:05:00.000,104.365,7.757,1999.977635
04 Mar 2024 11:53:00.000,87.268,14.207,1582.079309
13 Mar 2024 14:49:00.000,113.446,15.566,1508.012637
02 Mar 2024 17:02:00.000,60.969,7.798,1999.986609
06 Mar 2024 10:05:00.000,110.476,7.752,1999.990158
04 Mar 2024 16:53:00.000,8.988,26.801,1090.935887
15 Mar 2024 07:54:00.000,213.799,34.568,912.536379
30 Mar 2024 08:50:00.000,275.975,12.834,1658.540746
05 Mar 2024 13:23:00.000,265.064,7.776,1999.992060
28 Mar 2024 02:18:00.000,72.239,13.580,1615.071672
15 Mar 2024 09:34:00.000,289.396,19.503,1334.189188
18 Mar 2024 09:30:00.000,34.003,16.766,1456.024623
11 Mar 2024 14:50:00.000,334.169,30.363,1002.334111
13 Mar 2024 09:44:00.000,33.650,36.112,888.275680
14 Mar 2024 07:59:00.000,121.408,39.218,836.384980
19 Mar 2024 11:11:00.000,85.592,7.789,1999.990781
05 Mar 2024 15:12:00.000,47.798,11.442,1746.756678
18 Mar 2024 06:09:00.000,85.338,16.607,1459.584406
26 Mar 2024 02:25:00.000,83.311,7.755,1999.985176
22 Mar 2024 12:37:00.000,250.995,15.952,1489.976619
02 Mar 2024 15:21:00.000,50.779,7.822,1999.989889
18 Mar 2024 11:09:00.000,8.936,28.353,1051.212356
21 Mar 2024 06:02:00.000,58.756,7.819,1999.974419
27 Mar 2024 05:37:00.000,304.171,12.289,1692.393302
15 Mar 2024 14:45:00.000,137.474,7.995,1977.058449
21 Mar 2024 06:01:00.000,58.482,9.303,1890.005004
23 Mar 2024 09:10:00.000,309.240,7.830,1999.990361
30 Mar 2024 02:13:00.000,58.989,7.788,1999.975533
24 Mar 2024 07:28:00.000,324.260,16.986,1444.564938
30 Mar 2024 05:35:00.000,65.884,7.798,1999.972723
17 Mar 2024 07:47:00.000,255.325,21.740,1246.472954
11 Mar 2024 09:47:00.000,211.868,60.638,633.893567
07 Mar 2024 11:41:00.000,57.411,74.582,579.122066
06 Mar 2024 13:24:00.000,332.622,33.198,942.159093
10 Mar 2024 09:52:00.000,119.955,48.429,725.498412
27 Mar 2024 04:03:00.000,53.929,8.084,1978.880694
31 Mar 2024 02:01:00.000,253.806,7.696,1999.999462
18 Mar 2024 14:33:00.000,194.687,12.511,1671.987108
29 Mar 2024 07:11:00.000,307.471,7.812,1999.980757
14 Mar 2024 09:36:00.000,269.455,13.293,1632.458808
24 Mar 2024 10:54:00.000,145.927,22.197,1228.926478
20 Mar 2024 06:02:00.000,66.830,25.120,1137.821036
25 Mar 2024 10:47:00.000,255.437,28.282,1049.844779
26 Mar 2024 04:06:00.000,57.064,7.806,1999.973022
28 Mar 2024 08:54:00.000,295.289,7.806,1999.991656
26 Mar 2024 05:46:00.000,51.141,7.822,1999.980673
14 Mar 2024 14:44:00.000,134.364,41.198,807.921420
07 Mar 2024 16:44:00.000,357.719,44.975,762.592130
25 Mar 2024 09:08:00.000,359.227,44.155,772.593795
24 Mar 2024 10:50:00.000,272.857,33.284,938.801713
25 Mar 2024 09:06:00.000,317.344,21.028,1275.871913
08 Mar 2024 10:00:00.000,88.503,11.285,1754.346868
30 Mar 2024 08:57:00.000,154.929,7.683,1999.997332
09 Mar 2024 13:20:00.000,53.084,7.832,1999.975613
13 Mar 2024 13:09:00.000,72.301,8.674,1934.584200
08 Mar 2024 16:46:00.000,110.146,7.720,1999.989859
17 Mar 2024 06:09:00.000,136.390,22.826,1207.081834
15 Mar 2024 11:21:00.000,51.693,11.307,1756.234172
12 Mar 2024 14:51:00.000,95.316,22.972,1204.419374
20 Mar 2024 09:23:00.000,25.847,20.711,1288.831389
20 Mar 2024 11:05:00.000,69.317,29.186,1029.122975
25 Mar 2024 02:24:00.000,138.513,14.879,1539.129984
28 Mar 2024 07:19:00.000,37.706,31.117,984.654569
12 Mar 2024 08:04:00.000,149.257,18.435,1373.693634
05 Mar 2024 15:08:00.000,337.346,21.320,1265.805481
19 Mar 2024 11:10:00.000,82.097,10.851,1782.765427
04 Mar 2024 11:54:00.000,79.487,8.975,1912.146835
30 Mar 2024 07:08:00.000,305.130,7.807,1999.992737
07 Mar 2024 14:59:00.000,306.972,7.835,1999.986728
22 Mar 2024 04:16:00.000,87.569,13.676,1609.554307
02 Mar 2024 13:33:00.000,231.760,22.007,1236.436926
06 Mar 2024 10:02:00.000,158.504,7.692,1999.992884
12 Mar 2024 09:47:00.000,48.919,41.661,803.942434
04 Mar 2024 16:50:00.000,316.791,12.633,1673.970997
03 Mar 2024 20:19:00.000,178.059,19.695,1318.558329
04 Mar 2024 18:33:00.000,323.198,60.948,631.899538
14 Mar 2024 11:23:00.000,36.075,16.310,1477.898694
22 Mar 2024 05:51:00.000,262.475,21.433,1257.000547
24 Mar 2024 05:50:00.000,25.911,24.847,1147.099000
27 Mar 2024 05:43:00.000,52.839,7.819,1999.986358
15 Mar 2024 09:39:00.000,39.378,17.163,1437.374837
08 Mar 2024 13:22:00.000,42.625,12.881,1660.120969
16 Mar 2024 09:31:00.000,300.105,18.554,1374.248719
10 Mar 2024 11:35:00.000,39.838,18.444,1380.274379
30 Mar 2024 07:16:00.000,99.837,14.347,1572.359340
29 Mar 2024 00:34:00.000,102.534,7.708,1999.993728
14 Mar 2024 08:01:00.000,82.025,19.481,1334.396462
11 Mar 2024 11:28:00.000,312.034,25.968,1114.772306
24 Mar 2024 09:07:00.000,308.263,7.828,1999.977011
14 Mar 2024 12:59:00.000,315.918,12.888,1659.993880
25 Mar 2024 10:53:00.000,148.853,7.694,1999.971716
31 Mar 2024 00:25:00.000,142.064,26.756,1085.424188
15 Mar 2024 09:41:00.000,51.220,7.842,1999.977520
20 Mar 2024 06:00:00.000,102.388,68.624,596.774278
28 Mar 2024 02:12:00.000,211.496,21.065,1266.242850
16 Mar 2024 07:55:00.000,60.436,25.648,1123.173984
02 Mar 2024 20:23:00.000,154.960,19.187,1339.304388
26 Mar 2024 02:22:00.000,115.181,19.878,1313.713321
26 Mar 2024 10:49:00.000,168.908,11.583,1728.688658
23 Mar 2024 05:52:00.000,359.764,40.562,818.305984
30 Mar 2024 00:32:00.000,88.705,7.732,1999.992018
03 Mar 2024 20:15:00.000,263.588,18.448,1374.079833
30 Mar 2024 02:13:00.000,58.746,9.265,1890.310970
28 Mar 2024 10:41:00.000,199.043,7.682,1999.993064
25 Mar 2024 05:44:00.000,316.790,24.949,1143.174754
24 Mar 2024 09:13:00.000,64.188,26.454,1100.012527
20 Mar 2024 09:20:00.000,326.042,17.074,1441.317844
17 Mar 2024 11:15:00.000,61.161,12.849,1661.003583
07 Mar 2024 15:07:00.000,63.643,7.807,1999.998946
15 Mar 2024 14:45:00.000,137.317,7.695,1999.985400
26 Mar 2024 04:06:00.000,56.657,9.015,1909.670707
11 Mar 2024 16:33:00.000,193.540,39.365,832.927247
09 Mar 2024 09:58:00.000,77.436,10.760,1789.453514
19 Mar 2024 05:58:00.000,221.887,7.681,1999.987401
05 Mar 2024 18:30:00.000,274.059,60.675,633.057687
